Id,Label,Type
#Ignazio1,Ignazio Florio,person
#nipoteIgn,Vittoria,person
#Ignazio1,Ignazio Florio,person
#nipoteIgn,Vittoria,person
#Paolo,Paolo Florio,person
#Vincenzo1,Vincenzo Florio,person
#mogliePaolo,Giuseppina Saffiotti Florio,person
#Ignazio1,Ignazio Florio,person
#Paolo,Paolo Florio,person
#mogliePaolo,Giuseppina Saffiotti Florio,person
#Vincenzo1,Vincenzo Florio,person
#Ignazio1,Ignazio Florio,person
#Paolo,Paolo Florio,person
#Ignazio1,Ignazio Florio,person
#nipoteIgn,Vittoria,person
#nipoteIgn,Vittoria,person
#Paolo,Paolo Florio,person
#Ignazio1,Ignazio Florio,person
#Ignazio1,Ignazio Florio,person
#nipoteIgn,Vittoria,person
#mogliePaolo,Giuseppina Saffiotti Florio,person
#Paolo,Paolo Florio,person
#mogliePaolo,Giuseppina Saffiotti Florio,person
#Paolo,Paolo Florio,person
#Vincenzo1,Vincenzo Florio,person
#mogliePaolo,Giuseppina Saffiotti Florio,person
#nipoteIgn,Vittoria,person
#mogliePaolo,Giuseppina Saffiotti Florio,person
#Ignazio1,Ignazio Florio,person
#nipoteIgn,Vittoria,person
#Ignazio1,Ignazio Florio,person
#nipoteIgn,Vittoria,person
#Ignazio1,Ignazio Florio,person
#Ignazio1,Ignazio Florio,person
#nipoteIgn,Vittoria,person
#fratIgn,Francesco,person
#Paolo,Paolo Florio,person
#mogliePaolo,Giuseppina Saffiotti Florio,person
#nipoteIgn,Vittoria,person
#mogliePaolo,Giuseppina Saffiotti Florio,person
#nipoteIgn,Vittoria,person
#mogliePaolo,Giuseppina Saffiotti Florio,person
#Paolo,Paolo Florio,person
#Paolo,Paolo Florio,person
#Ignazio1,Ignazio Florio,person
#Paolo,Paolo Florio,person
#Ignazio1,Ignazio Florio,person
#Paolo,Paolo Florio,person
#Ignazio1,Ignazio Florio,person
#Paolo,Paolo Florio,person
#mogliePaolo,Giuseppina Saffiotti Florio,person
#Paolo,Paolo Florio,person
#Ignazio1,Ignazio Florio,person
#nipoteIgn,Vittoria,person
#mogliePaolo,Giuseppina Saffiotti Florio,person
#Vincenzo1,Vincenzo Florio,person
#mogliePaolo,Giuseppina Saffiotti Florio,person
#mogliePaolo,Giuseppina Saffiotti Florio,person
#Paolo,Paolo Florio,person
#mogliePaolo,Giuseppina Saffiotti Florio,person
#Ignazio1,Ignazio Florio,person
#Paolo,Paolo Florio,person
#nipoteIgn,Vittoria,person
#mogliePaolo,Giuseppina Saffiotti Florio,person
#Ignazio1,Ignazio Florio,person
#Paolo,Paolo Florio,person
#nipoteIgn,Vittoria,person
#mogliePaolo,Giuseppina Saffiotti Florio,person
#Ignazio1,Ignazio Florio,person
#Paolo,Paolo Florio,person
#nipoteIgn,Vittoria,person
#mogliePaolo,Giuseppina Saffiotti Florio,person
#mogliePaolo,Giuseppina Saffiotti Florio,person
#mogliePaolo,Giuseppina Saffiotti Florio,person
#Vincenzo1,Vincenzo Florio,person
#Ignazio1,Ignazio Florio,person
#madreIgn1,Rosa Bellantoni,person
#madreIgn1,Rosa Bellantoni,person
#Ignazio1,Ignazio Florio,person
#madreIgn1,Rosa Bellantoni,person
#mogliePaolo,Giuseppina Saffiotti Florio,person
#Ignazio1,Ignazio Florio,person
#mogliePaolo,Giuseppina Saffiotti Florio,person
#Paolo,Paolo Florio,person
#mogliePaolo,Giuseppina Saffiotti Florio,person
#madreGiuseppina,Giovanna Saffiotti,person
#padreGiuseppina,Vincenzo Saffiotti ,person
#madreIgn1,Rosa Bellantoni,person
#bagnaroti,bagnaroti,person
#Ignazio1,Ignazio Florio,person
#mogliePaolo,Giuseppina Saffiotti Florio,person
#mogliePaolo,Giuseppina Saffiotti Florio,person
#Ignazio1,Ignazio Florio,person
#Ignazio1,Ignazio Florio,person
#MattiaBarbaro,Mattia Florio Barbaro,person
#PaoloBarbaro,Paolo Barbaro,person
#Paolo,Paolo Florio,person
#Ignazio1,Ignazio Florio,person
#Paolo,Paolo Florio,person
#Ignazio1,Ignazio Florio,person
#Ignazio1,Ignazio Florio,person
#PaoloBarbaro,Paolo Barbaro,person
#MattiaBarbaro,Mattia Florio Barbaro,person
#MattiaBarbaro,Mattia Florio Barbaro,person
#figliaMattia,Anna Barbaro,person
#RaffaeleBarbaro,Raffaele Barbaro,person
#Ignazio1,Ignazio Florio,person
#Paolo,Paolo Florio,person
#Vincenzo1,Vincenzo Florio,person
#nipoteIgn,Vittoria,person
#mogliePaolo,Giuseppina Saffiotti Florio,person
#Paolo,Paolo Florio,person
#PaoloBarbaro,Paolo Barbaro,person
#MattiaBarbaro,Mattia Florio Barbaro,person
#Ignazio1,Ignazio Florio,person
#Ignazio1,Ignazio Florio,person
#Paolo,Paolo Florio,person
#PaoloBarbaro,Paolo Barbaro,person
#MattiaBarbaro,Mattia Florio Barbaro,person
#PaoloBarbaro,Paolo Barbaro,person
#MattiaBarbaro,Mattia Florio Barbaro,person
#Ignazio1,Ignazio Florio,person
#PaoloBarbaro,Paolo Barbaro,person
#Ignazio1,Ignazio Florio,person
#MattiaBarbaro,Mattia Florio Barbaro,person
#PaoloBarbaro,Paolo Barbaro,person
#Ignazio1,Ignazio Florio,person
#PaoloBarbaro,Paolo Barbaro,person
#Paolo,Paolo Florio,person
#PaoloBarbaro,Paolo Barbaro,person
#PaoloBarbaro,Paolo Barbaro,person
#Paolo,Paolo Florio,person
#Paolo,Paolo Florio,person
#Ignazio1,Ignazio Florio,person
#Ignazio1,Ignazio Florio,person
#PaoloBarbaro,Paolo Barbaro,person
#Ignazio1,Ignazio Florio,person
#Luigi16,Luigi XVI di Borbone,person
#MariaAntonietta,Maria Antonietta,person
#Ferdinando,Ferdinando di Borbone-Due Sicilie,person
#MariaCarolina,Maria Carolina d'Asburgo-Lorena,person
#inglesi,gli inglesi,person
#Paolo,Paolo Florio,person
#Ignazio1,Ignazio Florio,person
#Paolo,Paolo Florio,person
#mogliePaolo,Giuseppina Saffiotti Florio,person
#Paolo,Paolo Florio,person
#Ignazio1,Ignazio Florio,person
#Paolo,Paolo Florio,person
#MattiaBarbaro,Mattia Florio Barbaro,person
#Paolo,Paolo Florio,person
#MattiaBarbaro,Mattia Florio Barbaro,person
#Paolo,Paolo Florio,person
#Paolo,Paolo Florio,person
#Vincenzo1,Vincenzo Florio,person
#Ignazio1,Ignazio Florio,person
#PaoloBarbaro,Paolo Barbaro,person
#Paolo,Paolo Florio,person
#Ignazio1,Ignazio Florio,person
#Paolo,Paolo Florio,person
#bagnaroti,bagnaroti,person
#Ignazio1,Ignazio Florio,person
#PaoloBarbaro,Paolo Barbaro,person
#PaoloBarbaro,Paolo Barbaro,person
#Paolo,Paolo Florio,person
#Ignazio1,Ignazio Florio,person
#nipoteIgn,Vittoria,person
#Vincenzo1,Vincenzo Florio,person
#mogliePaolo,Giuseppina Saffiotti Florio,person
#Paolo,Paolo Florio,person
#Ignazio1,Ignazio Florio,person
#nipoteIgn,Vittoria,person
#Ignazio1,Ignazio Florio,person
#nipoteIgn,Vittoria,person
#Paolo,Paolo Florio,person
#mogliePaolo,Giuseppina Saffiotti Florio,person
#Vincenzo1,Vincenzo Florio,person
#Vincenzo1,Vincenzo Florio,person
#Paolo,Paolo Florio,person
#Ignazio1,Ignazio Florio,person
#Paolo,Paolo Florio,person
#mogliePaolo,Giuseppina Saffiotti Florio,person
#mogliePaolo,Giuseppina Saffiotti Florio,person
#Vincenzo1,Vincenzo Florio,person
#Vincenzo1,Vincenzo Florio,person
#Paolo,Paolo Florio,person
#mogliePaolo,Giuseppina Saffiotti Florio,person
#mogliePaolo,Giuseppina Saffiotti Florio,person
#mogliePaolo,Giuseppina Saffiotti Florio,person
#Paolo,Paolo Florio,person
#Ignazio1,Ignazio Florio,person
#nipoteIgn,Vittoria,person
#Paolo,Paolo Florio,person
#mogliePaolo,Giuseppina Saffiotti Florio,person
#PaoloBarbaro,Paolo Barbaro,person
#mogliePaolo,Giuseppina Saffiotti Florio,person
#Ignazio1,Ignazio Florio,person
#Paolo,Paolo Florio,person
#PaoloBarbaro,Paolo Barbaro,person
#Vincenzo1,Vincenzo Florio,person
#Paolo,Paolo Florio,person
#mogliePaolo,Giuseppina Saffiotti Florio,person
#Ignazio1,Ignazio Florio,person
#mogliePaolo,Giuseppina Saffiotti Florio,person
#Paolo,Paolo Florio,person
#PaoloBarbaro,Paolo Barbaro,person
#mogliePaolo,Giuseppina Saffiotti Florio,person
#Paolo,Paolo Florio,person
#inglesi,gli inglesi,person
#francesi,i francesi,person
#Ignazio1,Ignazio Florio,person
#Paolo,Paolo Florio,person
#Ignazio1,Ignazio Florio,person
#Ignazio1,Ignazio Florio,person
#madreIgn1,Rosa Bellantoni,person
#Paolo,Paolo Florio,person
#Ignazio1,Ignazio Florio,person
#Paolo,Paolo Florio,person
#Ignazio1,Ignazio Florio,person
#mogliePaolo,Giuseppina Saffiotti Florio,person
#mogliePaolo,Giuseppina Saffiotti Florio,person
#MattiaBarbaro,Mattia Florio Barbaro,person
#Paolo,Paolo Florio,person
#mogliePaolo,Giuseppina Saffiotti Florio,person
#PaoloBarbaro,Paolo Barbaro,person
#MattiaBarbaro,Mattia Florio Barbaro,person
#PaoloBarbaro,Paolo Barbaro,person
#mogliePaolo,Giuseppina Saffiotti Florio,person
#PaoloBarbaro,Paolo Barbaro,person
#Ignazio1,Ignazio Florio,person
#MattiaBarbaro,Mattia Florio Barbaro,person
#mogliePaolo,Giuseppina Saffiotti Florio,person
#MattiaBarbaro,Mattia Florio Barbaro,person
#mogliePaolo,Giuseppina Saffiotti Florio,person
#MattiaBarbaro,Mattia Florio Barbaro,person
#mogliePaolo,Giuseppina Saffiotti Florio,person
#mogliePaolo,Giuseppina Saffiotti Florio,person
#Paolo,Paolo Florio,person
#MattiaBarbaro,Mattia Florio Barbaro,person
#mogliePaolo,Giuseppina Saffiotti Florio,person
#Ignazio1,Ignazio Florio,person
#MattiaBarbaro,Mattia Florio Barbaro,person
#mogliePaolo,Giuseppina Saffiotti Florio,person
#Ignazio1,Ignazio Florio,person
#Paolo,Paolo Florio,person
#mogliePaolo,Giuseppina Saffiotti Florio,person
#Ignazio1,Ignazio Florio,person
#PaoloBarbaro,Paolo Barbaro,person
#MattiaBarbaro,Mattia Florio Barbaro,person
#MattiaBarbaro,Mattia Florio Barbaro,person
#mogliePaolo,Giuseppina Saffiotti Florio,person
#PaoloBarbaro,Paolo Barbaro,person
#Paolo,Paolo Florio,person
#nipoteIgn,Vittoria,person
#mogliePaolo,Giuseppina Saffiotti Florio,person
#mogliePaolo,Giuseppina Saffiotti Florio,person
#nipoteIgn,Vittoria,person
#mogliePaolo,Giuseppina Saffiotti Florio,person
#nipoteIgn,Vittoria,person
#Paolo,Paolo Florio,person
#Ignazio1,Ignazio Florio,person
#PaoloBarbaro,Paolo Barbaro,person
#Emiddio,Emiddio Barbaro,person
#Paolo,Paolo Florio,person
#PaoloBarbaro,Paolo Barbaro,person
#Ignazio1,Ignazio Florio,person
#mogliePaolo,Giuseppina Saffiotti Florio,person
#Vincenzo1,Vincenzo Florio,person
#Emiddio,Emiddio Barbaro,person
#PaoloBarbaro,Paolo Barbaro,person
#nipoteIgn,Vittoria,person
#Paolo,Paolo Florio,person
#mogliePaolo,Giuseppina Saffiotti Florio,person
#Paolo,Paolo Florio,person
#Paolo,Paolo Florio,person
#mogliePaolo,Giuseppina Saffiotti Florio,person
#Ignazio1,Ignazio Florio,person
#Ignazio1,Ignazio Florio,person
#Ignazio1,Ignazio Florio,person
#Paolo,Paolo Florio,person
#Ignazio1,Ignazio Florio,person
#Emiddio,Emiddio Barbaro,person
#bagnaroti,bagnaroti,person
#Paolo,Paolo Florio,person
#mogliePaolo,Giuseppina Saffiotti Florio,person
#mogliePaolo,Giuseppina Saffiotti Florio,person
#Paolo,Paolo Florio,person
#PaoloBarbaro,Paolo Barbaro,person
#Emiddio,Emiddio Barbaro,person
#mogliePaolo,Giuseppina Saffiotti Florio,person
#Ignazio1,Ignazio Florio,person
#nipoteIgn,Vittoria,person
#nipoteIgn,Vittoria,person
#nipoteIgn,Vittoria,person
#mogliePaolo,Giuseppina Saffiotti Florio,person
#mogliePaolo,Giuseppina Saffiotti Florio,person
#Emiddio,Emiddio Barbaro,person
#mogliePaolo,Giuseppina Saffiotti Florio,person
#mogliePaolo,Giuseppina Saffiotti Florio,person
#Emiddio,Emiddio Barbaro,person
#mogliePaolo,Giuseppina Saffiotti Florio,person
#Emiddio,Emiddio Barbaro,person
#Emiddio,Emiddio Barbaro,person
#mastroF, mastro Filippo ,person
#mastroF, mastro Filippo ,person
#Ignazio1,Ignazio Florio,person
#mogliePaolo,Giuseppina Saffiotti Florio,person
#Emiddio,Emiddio Barbaro,person
#mastroF, mastro Filippo ,person
#Ignazio1,Ignazio Florio,person
#Emiddio,Emiddio Barbaro,person
#mastroF, mastro Filippo ,person
#Ignazio1,Ignazio Florio,person
#Emiddio,Emiddio Barbaro,person
#mogliePaolo,Giuseppina Saffiotti Florio,person
#mogliePaolo,Giuseppina Saffiotti Florio,person
#Emiddio,Emiddio Barbaro,person
#Ignazio1,Ignazio Florio,person
#mogliePaolo,Giuseppina Saffiotti Florio,person
#Vincenzo1,Vincenzo Florio,person
#Vincenzo1,Vincenzo Florio,person
#mogliePaolo,Giuseppina Saffiotti Florio,person
#Ignazio1,Ignazio Florio,person
#Emiddio,Emiddio Barbaro,person
#Ignazio1,Ignazio Florio,person
#mogliePaolo,Giuseppina Saffiotti Florio,person
#Vincenzo1,Vincenzo Florio,person
#Paolo,Paolo Florio,person
#mogliePaolo,Giuseppina Saffiotti Florio,person
#mogliePaolo,Giuseppina Saffiotti Florio,person
#Ignazio1,Ignazio Florio,person
#mogliePaolo,Giuseppina Saffiotti Florio,person
#Paolo,Paolo Florio,person
#Paolo,Paolo Florio,person
#Ignazio1,Ignazio Florio,person
#Bottari, Don Bottari,person
#Ignazio1,Ignazio Florio,person
#Bottari, Don Bottari,person
#Paolo,Paolo Florio,person
#Ignazio1,Ignazio Florio,person
#Paolo,Paolo Florio,person
#Paolo,Paolo Florio,person
#Paolo,Paolo Florio,person
#Canzoneri,Gnazì Canzoneri ,person
#figliaCanzo,figlia Canzoneri,person
#Saguto, Carmelo Saguto ,person
#Bottari, Don Bottari,person
#Saguto, Carmelo Saguto ,person
#figliaCanzo,figlia Canzoneri,person
#Canzoneri,Gnazì Canzoneri ,person
#Paolo,Paolo Florio,person
#Saguto, Carmelo Saguto ,person
#Canzoneri,Gnazì Canzoneri ,person
#Paolo,Paolo Florio,person
#Ignazio1,Ignazio Florio,person
#Canzoneri,Gnazì Canzoneri ,person
#Bottari, Don Bottari,person
#Paolo,Paolo Florio,person
#Saguto, Carmelo Saguto ,person
#Canzoneri,Gnazì Canzoneri ,person
#PaoloBarbaro,Paolo Barbaro,person
#Paolo,Paolo Florio,person
#Saguto, Carmelo Saguto ,person
#Canzoneri,Gnazì Canzoneri ,person
#Paolo,Paolo Florio,person
#Canzoneri,Gnazì Canzoneri ,person
#Saguto, Carmelo Saguto ,person
#Ignazio1,Ignazio Florio,person
#Paolo,Paolo Florio,person
#Paolo,Paolo Florio,person
#Ignazio1,Ignazio Florio,person
#Ignazio1,Ignazio Florio,person
#Paolo,Paolo Florio,person
#Bottari, Don Bottari,person
#Canzoneri,Gnazì Canzoneri ,person
#Saguto, Carmelo Saguto ,person
#Ignazio1,Ignazio Florio,person
#Canzoneri,Gnazì Canzoneri ,person
#Paolo,Paolo Florio,person
#Canzoneri,Gnazì Canzoneri ,person
#Ignazio1,Ignazio Florio,person
#Paolo,Paolo Florio,person
#Canzoneri,Gnazì Canzoneri ,person
#Gulì,Gulì,person
#primacliente,donna povera (cliente),person
#Paolo,Paolo Florio,person
#Gulì,Gulì,person
#Paolo,Paolo Florio,person
#Ignazio1,Ignazio Florio,person
#Paolo,Paolo Florio,person
#primacliente,donna povera (cliente),person
#Ignazio1,Ignazio Florio,person
#Paolo,Paolo Florio,person
#Ignazio1,Ignazio Florio,person
#Paolo,Paolo Florio,person
#primacliente,donna povera (cliente),person
#Ignazio1,Ignazio Florio,person
#Paolo,Paolo Florio,person
#Ignazio1,Ignazio Florio,person
#Paolo,Paolo Florio,person
#mogliePaolo,Giuseppina Saffiotti Florio,person
#Paolo,Paolo Florio,person
#Ignazio1,Ignazio Florio,person
#Ignazio1,Ignazio Florio,person
#nipoteIgn,Vittoria,person
#Vincenzo1,Vincenzo Florio,person
#Paolo,Paolo Florio,person
#mogliePaolo,Giuseppina Saffiotti Florio,person
#Paolo,Paolo Florio,person
#Paolo,Paolo Florio,person
#mogliePaolo,Giuseppina Saffiotti Florio,person
#Ignazio1,Ignazio Florio,person
#Paolo,Paolo Florio,person
#mogliePaolo,Giuseppina Saffiotti Florio,person
#Paolo,Paolo Florio,person
#Ignazio1,Ignazio Florio,person
#mogliePaolo,Giuseppina Saffiotti Florio,person
#Ignazio1,Ignazio Florio,person
#mogliePaolo,Giuseppina Saffiotti Florio,person
#MattiaBarbaro,Mattia Florio Barbaro,person
#Ignazio1,Ignazio Florio,person
#Paolo,Paolo Florio,person
#mogliePaolo,Giuseppina Saffiotti Florio,person
#MattiaBarbaro,Mattia Florio Barbaro,person
#Ignazio1,Ignazio Florio,person
#mogliePaolo,Giuseppina Saffiotti Florio,person
#Ignazio1,Ignazio Florio,person
#Ignazio1,Ignazio Florio,person
#mogliePaolo,Giuseppina Saffiotti Florio,person
#Paolo,Paolo Florio,person
#Ignazio1,Ignazio Florio,person
#Paolo,Paolo Florio,person
#mogliePaolo,Giuseppina Saffiotti Florio,person
#mogliePaolo,Giuseppina Saffiotti Florio,person
#Ignazio1,Ignazio Florio,person
#Paolo,Paolo Florio,person
#Paolo,Paolo Florio,person
#Ignazio1,Ignazio Florio,person
#nipoteIgn,Vittoria,person
#Vincenzo1,Vincenzo Florio,person
#mogliePaolo,Giuseppina Saffiotti Florio,person
#nipoteIgn,Vittoria,person
#Ignazio1,Ignazio Florio,person
#Ignazio1,Ignazio Florio,person
#nipoteIgn,Vittoria,person
#Paolo,Paolo Florio,person
#mogliePaolo,Giuseppina Saffiotti Florio,person
#Ignazio1,Ignazio Florio,person
#Paolo,Paolo Florio,person
#Paolo,Paolo Florio,person
#mogliePaolo,Giuseppina Saffiotti Florio,person
#Paolo,Paolo Florio,person
#Paolo,Paolo Florio,person
#Ignazio1,Ignazio Florio,person
#mogliePaolo,Giuseppina Saffiotti Florio,person
#MattiaBarbaro,Mattia Florio Barbaro,person
#Ignazio1,Ignazio Florio,person
#mogliePaolo,Giuseppina Saffiotti Florio,person
#mogliePaolo,Giuseppina Saffiotti Florio,person
#Paolo,Paolo Florio,person
#mogliePaolo,Giuseppina Saffiotti Florio,person
#Ignazio1,Ignazio Florio,person
#Saguto, Carmelo Saguto ,person
#Canzoneri,Gnazì Canzoneri ,person
#Paolo,Paolo Florio,person
#Saguto, Carmelo Saguto ,person
#Paolo,Paolo Florio,person
#Paolo,Paolo Florio,person
#PaoloBarbaro,Paolo Barbaro,person
#Paolo,Paolo Florio,person
#Saguto, Carmelo Saguto ,person
#Paolo,Paolo Florio,person
#Paolo,Paolo Florio,person
#Saguto, Carmelo Saguto ,person
#Canzoneri,Gnazì Canzoneri ,person
#Paolo,Paolo Florio,person
#Paolo,Paolo Florio,person
#Paolo,Paolo Florio,person
#garzoneMichi,Michele (garzone),person
#Paolo,Paolo Florio,person
#garzoneMichi,Michele (garzone),person
#garzoneMichi,Michele (garzone),person
#Paolo,Paolo Florio,person
#Ignazio1,Ignazio Florio,person
#garzoneMichi,Michele (garzone),person
#Paolo,Paolo Florio,person
#Ignazio1,Ignazio Florio,person
#garzoneMichi,Michele (garzone),person
#mogliePaolo,Giuseppina Saffiotti Florio,person
#Vincenzo1,Vincenzo Florio,person
#Vincenzo1,Vincenzo Florio,person
#nipoteIgn,Vittoria,person
#Ignazio1,Ignazio Florio,person
#mogliePaolo,Giuseppina Saffiotti Florio,person
#Paolo,Paolo Florio,person
#mogliePaolo,Giuseppina Saffiotti Florio,person
#Paolo,Paolo Florio,person
#mogliePaolo,Giuseppina Saffiotti Florio,person
#Paolo,Paolo Florio,person
#nipoteIgn,Vittoria,person
#Paolo,Paolo Florio,person
#Paolo,Paolo Florio,person
#bagnaroti,bagnaroti,person
#levatrice,Mariuccia Colosimo,person
#levatrice,Mariuccia Colosimo,person
#mogliePaolo,Giuseppina Saffiotti Florio,person
#mogliePaolo,Giuseppina Saffiotti Florio,person
#mogliePaolo,Giuseppina Saffiotti Florio,person
#levatrice,Mariuccia Colosimo,person
#mogliePaolo,Giuseppina Saffiotti Florio,person
#levatrice,Mariuccia Colosimo,person
#mogliePaolo,Giuseppina Saffiotti Florio,person
#levatrice,Mariuccia Colosimo,person
#mogliePaolo,Giuseppina Saffiotti Florio,person
#Ignazio1,Ignazio Florio,person
#Ignazio1,Ignazio Florio,person
#mogliePaolo,Giuseppina Saffiotti Florio,person
#mogliePaolo,Giuseppina Saffiotti Florio,person
#Ignazio1,Ignazio Florio,person
#nipoteIgn,Vittoria,person
#mogliePaolo,Giuseppina Saffiotti Florio,person
#levatrice,Mariuccia Colosimo,person
#Vincenzo1,Vincenzo Florio,person
#mogliePaolo,Giuseppina Saffiotti Florio,person
#mogliePaolo,Giuseppina Saffiotti Florio,person
#Vincenzo1,Vincenzo Florio,person
#Paolo,Paolo Florio,person
#Paolo,Paolo Florio,person
#mogliePaolo,Giuseppina Saffiotti Florio,person
#Paolo,Paolo Florio,person
#nipoteIgn,Vittoria,person
#Ignazio1,Ignazio Florio,person
#Paolo,Paolo Florio,person
#Ignazio1,Ignazio Florio,person
#PaoloBarbaro,Paolo Barbaro,person
#Ignazio1,Ignazio Florio,person
#PaoloBarbaro,Paolo Barbaro,person
#Ignazio1,Ignazio Florio,person
#Paolo,Paolo Florio,person
#PaoloBarbaro,Paolo Barbaro,person
#Paolo,Paolo Florio,person
#Paolo,Paolo Florio,person
#PaoloBarbaro,Paolo Barbaro,person
#Ignazio1,Ignazio Florio,person
#Ignazio1,Ignazio Florio,person
#PaoloBarbaro,Paolo Barbaro,person
#Paolo,Paolo Florio,person
#PaoloBarbaro,Paolo Barbaro,person
#Ignazio1,Ignazio Florio,person
#Paolo,Paolo Florio,person
#PaoloBarbaro,Paolo Barbaro,person
#Paolo,Paolo Florio,person
#Ignazio1,Ignazio Florio,person
#Saguto, Carmelo Saguto ,person
#Canzoneri,Gnazì Canzoneri ,person
#Saguto, Carmelo Saguto ,person
#Canzoneri,Gnazì Canzoneri ,person
#Saguto, Carmelo Saguto ,person
#Saguto, Carmelo Saguto ,person
#Canzoneri,Gnazì Canzoneri ,person
#Canzoneri,Gnazì Canzoneri ,person
#Saguto, Carmelo Saguto ,person
#Canzoneri,Gnazì Canzoneri ,person
#Canzoneri,Gnazì Canzoneri ,person
#Saguto, Carmelo Saguto ,person
#Saguto, Carmelo Saguto ,person
#PaoloBarbaro,Paolo Barbaro,person
#Paolo,Paolo Florio,person
#Ignazio1,Ignazio Florio,person
#PaoloBarbaro,Paolo Barbaro,person
#mogliePaolo,Giuseppina Saffiotti Florio,person
#Paolo,Paolo Florio,person
#mogliePaolo,Giuseppina Saffiotti Florio,person
#mogliePaolo,Giuseppina Saffiotti Florio,person
#Paolo,Paolo Florio,person
#Ignazio1,Ignazio Florio,person
#Paolo,Paolo Florio,person
#Ignazio1,Ignazio Florio,person
#Paolo,Paolo Florio,person
#Ignazio1,Ignazio Florio,person
#nipoteIgn,Vittoria,person
#Vincenzo1,Vincenzo Florio,person
#Paolo,Paolo Florio,person
#mogliePaolo,Giuseppina Saffiotti Florio,person
#Paolo,Paolo Florio,person
#mogliePaolo,Giuseppina Saffiotti Florio,person
#Paolo,Paolo Florio,person
#mogliePaolo,Giuseppina Saffiotti Florio,person
#Paolo,Paolo Florio,person
#mogliePaolo,Giuseppina Saffiotti Florio,person
#Paolo,Paolo Florio,person
#mogliePaolo,Giuseppina Saffiotti Florio,person
#Ignazio1,Ignazio Florio,person
#mogliePaolo,Giuseppina Saffiotti Florio,person
#Paolo,Paolo Florio,person
#nipoteIgn,Vittoria,person
#mogliePaolo,Giuseppina Saffiotti Florio,person
#mogliePaolo,Giuseppina Saffiotti Florio,person
#Vincenzo1,Vincenzo Florio,person
#mogliePaolo,Giuseppina Saffiotti Florio,person
#nipoteIgn,Vittoria,person
#mogliePaolo,Giuseppina Saffiotti Florio,person
#nipoteIgn,Vittoria,person
#nipoteIgn,Vittoria,person
#Paolo,Paolo Florio,person
#mogliePaolo,Giuseppina Saffiotti Florio,person
#Ignazio1,Ignazio Florio,person
#Paolo,Paolo Florio,person
#Paolo,Paolo Florio,person
#mogliePaolo,Giuseppina Saffiotti Florio,person
#mogliePaolo,Giuseppina Saffiotti Florio,person
#Paolo,Paolo Florio,person
#nipoteIgn,Vittoria,person
#Vincenzo1,Vincenzo Florio,person
#mogliePaolo,Giuseppina Saffiotti Florio,person
#nipoteIgn,Vittoria,person
#mogliePaolo,Giuseppina Saffiotti Florio,person
#mogliePaolo,Giuseppina Saffiotti Florio,person
#levatrice,Mariuccia Colosimo,person
#nipoteIgn,Vittoria,person
#levatrice,Mariuccia Colosimo,person
#bagnaroti,bagnaroti,person
#Paolo,Paolo Florio,person
#nipoteIgn,Vittoria,person
#levatrice,Mariuccia Colosimo,person
#mogliePaolo,Giuseppina Saffiotti Florio,person
#mogliePaolo,Giuseppina Saffiotti Florio,person
#Paolo,Paolo Florio,person
#levatrice,Mariuccia Colosimo,person
#levatrice,Mariuccia Colosimo,person
#nipoteIgn,Vittoria,person
#nipoteIgn,Vittoria,person
#Ignazio1,Ignazio Florio,person
#nipoteIgn,Vittoria,person
#Ignazio1,Ignazio Florio,person
#nipoteIgn,Vittoria,person
#Ignazio1,Ignazio Florio,person
#nipoteIgn,Vittoria,person
#Ignazio1,Ignazio Florio,person
#Ignazio1,Ignazio Florio,person
#nipoteIgn,Vittoria,person
#garzoneMichi,Michele (garzone),person
#Paolo,Paolo Florio,person
#levatrice,Mariuccia Colosimo,person
#mogliePaolo,Giuseppina Saffiotti Florio,person
#Vincenzo1,Vincenzo Florio,person
#nipoteIgn,Vittoria,person
#Vincenzo1,Vincenzo Florio,person
#mogliePaolo,Giuseppina Saffiotti Florio,person
#nipoteIgn,Vittoria,person
#levatrice,Mariuccia Colosimo,person
#levatrice,Mariuccia Colosimo,person
#Ignazio1,Ignazio Florio,person
#Ignazio1,Ignazio Florio,person
#levatrice,Mariuccia Colosimo,person
#mogliePaolo,Giuseppina Saffiotti Florio,person
#Ignazio1,Ignazio Florio,person
#mogliePaolo,Giuseppina Saffiotti Florio,person
#levatrice,Mariuccia Colosimo,person
#mogliePaolo,Giuseppina Saffiotti Florio,person
#Ignazio1,Ignazio Florio,person
#levatrice,Mariuccia Colosimo,person
#Paolo,Paolo Florio,person
#Ignazio1,Ignazio Florio,person
#mogliePaolo,Giuseppina Saffiotti Florio,person
#Ignazio1,Ignazio Florio,person
#levatrice,Mariuccia Colosimo,person
#Paolo,Paolo Florio,person
#nipoteIgn,Vittoria,person
#mogliePaolo,Giuseppina Saffiotti Florio,person
#Paolo,Paolo Florio,person
#nipoteIgn,Vittoria,person
#nipoteIgn,Vittoria,person
#Paolo,Paolo Florio,person
#nipoteIgn,Vittoria,person
#Paolo,Paolo Florio,person
#nipoteIgn,Vittoria,person
#Paolo,Paolo Florio,person
#Ignazio1,Ignazio Florio,person
#Vincenzo1,Vincenzo Florio,person
#nipoteIgn,Vittoria,person
#Ignazio1,Ignazio Florio,person
#levatrice,Mariuccia Colosimo,person
#mogliePaolo,Giuseppina Saffiotti Florio,person
#Paolo,Paolo Florio,person
#mogliePaolo,Giuseppina Saffiotti Florio,person
#Paolo,Paolo Florio,person
#mogliePaolo,Giuseppina Saffiotti Florio,person
#mogliePaolo,Giuseppina Saffiotti Florio,person
#Ignazio1,Ignazio Florio,person
#levatrice,Mariuccia Colosimo,person
#Vincenzo1,Vincenzo Florio,person
#Ignazio1,Ignazio Florio,person
#Ignazio1,Ignazio Florio,person
#Vincenzo1,Vincenzo Florio,person
#Ignazio1,Ignazio Florio,person
#Vincenzo1,Vincenzo Florio,person
#Ignazio1,Ignazio Florio,person
#Vincenzo1,Vincenzo Florio,person
#Paolo,Paolo Florio,person
#mogliePaolo,Giuseppina Saffiotti Florio,person
#Vincenzo1,Vincenzo Florio,person
#Ignazio1,Ignazio Florio,person
#Ignazio1,Ignazio Florio,person
#Ignazio1,Ignazio Florio,person
#Ignazio1,Ignazio Florio,person
#Vincenzo1,Vincenzo Florio,person
#Ignazio1,Ignazio Florio,person
#PaoloBarbaro,Paolo Barbaro,person
#Paolo,Paolo Florio,person
#Paolo,Paolo Florio,person
#garzoneMichi,Michele (garzone),person
#PaoloBarbaro,Paolo Barbaro,person
#Curatolo,Curatolo,person
#Curatolo,Curatolo,person
#Paolo,Paolo Florio,person
#Curatolo,Curatolo,person
#Paolo,Paolo Florio,person
#PaoloBarbaro,Paolo Barbaro,person
#Paolo,Paolo Florio,person
#Ignazio1,Ignazio Florio,person
#mogliePaolo,Giuseppina Saffiotti Florio,person
#MattiaBarbaro,Mattia Florio Barbaro,person
#Paolo,Paolo Florio,person
#PaoloBarbaro,Paolo Barbaro,person
#bagnaroti,bagnaroti,person
#Vincenzo1,Vincenzo Florio,person
#mogliePaolo,Giuseppina Saffiotti Florio,person
#mogliePaolo,Giuseppina Saffiotti Florio,person
#Vincenzo1,Vincenzo Florio,person
#mogliePaolo,Giuseppina Saffiotti Florio,person
#Vincenzo1,Vincenzo Florio,person
#inglesi,gli inglesi,person
#inglesi,gli inglesi,person
#mogliePaolo,Giuseppina Saffiotti Florio,person
#nipoteIgn,Vittoria,person
#Ignazio1,Ignazio Florio,person
#mogliePaolo,Giuseppina Saffiotti Florio,person
#Paolo,Paolo Florio,person
#barone,barone (cliente),person
#mogliePaolo,Giuseppina Saffiotti Florio,person
#Vincenzo1,Vincenzo Florio,person
#Paolo,Paolo Florio,person
#Vincenzo1,Vincenzo Florio,person
#barone,barone (cliente),person
#Paolo,Paolo Florio,person
#Paolo,Paolo Florio,person
#Vincenzo1,Vincenzo Florio,person
#mogliePaolo,Giuseppina Saffiotti Florio,person
#Paolo,Paolo Florio,person
#Paolo,Paolo Florio,person
#Vincenzo1,Vincenzo Florio,person
#Vincenzo1,Vincenzo Florio,person
#Ignazio1,Ignazio Florio,person
#Vincenzo1,Vincenzo Florio,person
#Ignazio1,Ignazio Florio,person
#mogliePaolo,Giuseppina Saffiotti Florio,person
#Ignazio1,Ignazio Florio,person
#domesticaRosa,Rosa (domestica),person
#mogliePaolo,Giuseppina Saffiotti Florio,person
#levatrice,Mariuccia Colosimo,person
#Ignazio1,Ignazio Florio,person
#mogliePaolo,Giuseppina Saffiotti Florio,person
#Paolo,Paolo Florio,person
#mogliePaolo,Giuseppina Saffiotti Florio,person
#levatrice,Mariuccia Colosimo,person
#domesticaRosa,Rosa (domestica),person
#Vincenzo1,Vincenzo Florio,person
#Paolo,Paolo Florio,person
#Vincenzo1,Vincenzo Florio,person
#Paolo,Paolo Florio,person
#Ignazio1,Ignazio Florio,person
#mogliePaolo,Giuseppina Saffiotti Florio,person
#Ignazio1,Ignazio Florio,person
#Paolo,Paolo Florio,person
#mogliePaolo,Giuseppina Saffiotti Florio,person
#Vincenzo1,Vincenzo Florio,person
#Paolo,Paolo Florio,person
#mogliePaolo,Giuseppina Saffiotti Florio,person
#MattiaBarbaro,Mattia Florio Barbaro,person
#PaoloBarbaro,Paolo Barbaro,person
#mogliePaolo,Giuseppina Saffiotti Florio,person
#Paolo,Paolo Florio,person
#Paolo,Paolo Florio,person
#mogliePaolo,Giuseppina Saffiotti Florio,person
#Paolo,Paolo Florio,person
#mogliePaolo,Giuseppina Saffiotti Florio,person
#MattiaBarbaro,Mattia Florio Barbaro,person
#PaoloBarbaro,Paolo Barbaro,person
#PaoloBarbaro,Paolo Barbaro,person
#Paolo,Paolo Florio,person
#mogliePaolo,Giuseppina Saffiotti Florio,person
#Ignazio1,Ignazio Florio,person
#PaoloBarbaro,Paolo Barbaro,person
#Ignazio1,Ignazio Florio,person
#mogliePaolo,Giuseppina Saffiotti Florio,person
#MattiaBarbaro,Mattia Florio Barbaro,person
#mogliePaolo,Giuseppina Saffiotti Florio,person
#Paolo,Paolo Florio,person
#Paolo,Paolo Florio,person
#Ignazio1,Ignazio Florio,person
#PaoloBarbaro,Paolo Barbaro,person
#Ignazio1,Ignazio Florio,person
#Paolo,Paolo Florio,person
#MattiaBarbaro,Mattia Florio Barbaro,person
#mogliePaolo,Giuseppina Saffiotti Florio,person
#Paolo,Paolo Florio,person
#Ignazio1,Ignazio Florio,person
#Vincenzo1,Vincenzo Florio,person
#mogliePaolo,Giuseppina Saffiotti Florio,person
#MattiaBarbaro,Mattia Florio Barbaro,person
#Paolo,Paolo Florio,person
#Ignazio1,Ignazio Florio,person
#Paolo,Paolo Florio,person
#MattiaBarbaro,Mattia Florio Barbaro,person
#Paolo,Paolo Florio,person
#mogliePaolo,Giuseppina Saffiotti Florio,person
#Vincenzo1,Vincenzo Florio,person
#nipoteIgn,Vittoria,person
#mogliePaolo,Giuseppina Saffiotti Florio,person
#Paolo,Paolo Florio,person
#nipoteIgn,Vittoria,person
#Vincenzo1,Vincenzo Florio,person
#mogliePaolo,Giuseppina Saffiotti Florio,person
#Paolo,Paolo Florio,person
#PaoloBarbaro,Paolo Barbaro,person
#mogliePaolo,Giuseppina Saffiotti Florio,person
#nipoteIgn,Vittoria,person
#MattiaBarbaro,Mattia Florio Barbaro,person
#garzoneMichi,Michele (garzone),person
#Ignazio1,Ignazio Florio,person
#aristocratica,aristocratica (cliente),person
#aristocratica,aristocratica (cliente),person
#Ignazio1,Ignazio Florio,person
#PaoloBarbaro,Paolo Barbaro,person
#napoletani,i napoletani,person
#inglesi,gli inglesi,person
#siciliani,i siciliani,person
#Napoleone,Napoleone,person
#Ferdinando,Ferdinando di Borbone-Due Sicilie,person
#inglesi,gli inglesi,person
#Ignazio1,Ignazio Florio,person
#Paolo,Paolo Florio,person
#Paolo,Paolo Florio,person
#aristocratica,aristocratica (cliente),person
#aristocratica,aristocratica (cliente),person
#Ignazio1,Ignazio Florio,person
#Paolo,Paolo Florio,person
#aristocratica,aristocratica (cliente),person
#aristocratica,aristocratica (cliente),person
#Paolo,Paolo Florio,person
#aristocratica,aristocratica (cliente),person
#Paolo,Paolo Florio,person
#Ignazio1,Ignazio Florio,person
#Paolo,Paolo Florio,person
#Paolo,Paolo Florio,person
#Ignazio1,Ignazio Florio,person
#Ignazio1,Ignazio Florio,person
#aristocratica,aristocratica (cliente),person
#Paolo,Paolo Florio,person
#aristocratica,aristocratica (cliente),person
#Paolo,Paolo Florio,person
#Ignazio1,Ignazio Florio,person
#Ignazio1,Ignazio Florio,person
#Ignazio1,Ignazio Florio,person
#Ignazio1,Ignazio Florio,person
#Ben,Benjamin Ingham,person
#Ignazio1,Ignazio Florio,person
#Ben,Benjamin Ingham,person
#Saguto, Carmelo Saguto ,person
#Ignazio1,Ignazio Florio,person
#Saguto, Carmelo Saguto ,person
#Ignazio1,Ignazio Florio,person
#Saguto, Carmelo Saguto ,person
#Saguto, Carmelo Saguto ,person
#Ignazio1,Ignazio Florio,person
#Ignazio1,Ignazio Florio,person
#Saguto, Carmelo Saguto ,person
#Ignazio1,Ignazio Florio,person
#Saguto, Carmelo Saguto ,person
#Saguto, Carmelo Saguto ,person
#Ignazio1,Ignazio Florio,person
#Paolo,Paolo Florio,person
#Saguto, Carmelo Saguto ,person
#Ignazio1,Ignazio Florio,person
#Ben,Benjamin Ingham,person
#Ignazio1,Ignazio Florio,person
#Ben,Benjamin Ingham,person
#Ignazio1,Ignazio Florio,person
#Ben,Benjamin Ingham,person
#Saguto, Carmelo Saguto ,person
#Ignazio1,Ignazio Florio,person
#aristocratica,aristocratica (cliente),person
#Paolo,Paolo Florio,person
#garzoneMichi,Michele (garzone),person
#Ignazio1,Ignazio Florio,person
#Mauri,Maurizio Reggio,person
#Paolo,Paolo Florio,person
#mogliePaolo,Giuseppina Saffiotti Florio,person
#mogliePaolo,Giuseppina Saffiotti Florio,person
#Paolo,Paolo Florio,person
#Ignazio1,Ignazio Florio,person
#Mauri,Maurizio Reggio,person
#inglesi,gli inglesi,person
#Mauri,Maurizio Reggio,person
#Ignazio1,Ignazio Florio,person
#Ignazio1,Ignazio Florio,person
#Ignazio1,Ignazio Florio,person
#Paolo,Paolo Florio,person
#mogliePaolo,Giuseppina Saffiotti Florio,person
#Ignazio1,Ignazio Florio,person
#Ignazio1,Ignazio Florio,person
#Ignazio1,Ignazio Florio,person
#mogliePaolo,Giuseppina Saffiotti Florio,person
#mogliePaolo,Giuseppina Saffiotti Florio,person
#Paolo,Paolo Florio,person
#Vincenzo1,Vincenzo Florio,person
#Paolo,Paolo Florio,person
#mogliePaolo,Giuseppina Saffiotti Florio,person
#Ignazio1,Ignazio Florio,person
#mogliePaolo,Giuseppina Saffiotti Florio,person
#Vincenzo1,Vincenzo Florio,person
#Peppino,Peppino,person
#Peppino,Peppino,person
#Vincenzo1,Vincenzo Florio,person
#francesi,i francesi,person
#napoletani,i napoletani,person
#Paolo,Paolo Florio,person
#Vincenzo1,Vincenzo Florio,person
#Ignazio1,Ignazio Florio,person
#Mauri,Maurizio Reggio,person
#Vincenzo1,Vincenzo Florio,person
#Paolo,Paolo Florio,person
#mogliePaolo,Giuseppina Saffiotti Florio,person
#Vincenzo1,Vincenzo Florio,person
#Peppino,Peppino,person
#Ignazio1,Ignazio Florio,person
#Ignazio1,Ignazio Florio,person
#Ignazio1,Ignazio Florio,person
#Mauri,Maurizio Reggio,person
#Peppino,Peppino,person
#Paolo,Paolo Florio,person
#Vincenzo1,Vincenzo Florio,person
#Vincenzo1,Vincenzo Florio,person
#Mauri,Maurizio Reggio,person
#Ignazio1,Ignazio Florio,person
#Ignazio1,Ignazio Florio,person
#Mimmo,Mimmo Russello,person
#Canzoneri,Gnazì Canzoneri ,person
#Gulì,Gulì,person
#Canzoneri,Gnazì Canzoneri ,person
#Mimmo,Mimmo Russello,person
#Canzoneri,Gnazì Canzoneri ,person
#Ignazio1,Ignazio Florio,person
#Paolo,Paolo Florio,person
#Saguto, Carmelo Saguto ,person
#Ignazio1,Ignazio Florio,person
#Mimmo,Mimmo Russello,person
#Paolo,Paolo Florio,person
#Canzoneri,Gnazì Canzoneri ,person
#Mimmo,Mimmo Russello,person
#Ignazio1,Ignazio Florio,person
#Ignazio1,Ignazio Florio,person
#Mimmo,Mimmo Russello,person
#Ignazio1,Ignazio Florio,person
#Vincenzo1,Vincenzo Florio,person
#Vincenzo1,Vincenzo Florio,person
#Ignazio1,Ignazio Florio,person
#Peppino,Peppino,person
#Vincenzo1,Vincenzo Florio,person
#Peppino,Peppino,person
#Vincenzo1,Vincenzo Florio,person
#Peppino,Peppino,person
#Ignazio1,Ignazio Florio,person
#Peppino,Peppino,person
#Paolo,Paolo Florio,person
#Ignazio1,Ignazio Florio,person
#Vincenzo1,Vincenzo Florio,person
#nipoteIgn,Vittoria,person
#mogliePaolo,Giuseppina Saffiotti Florio,person
#Paolo,Paolo Florio,person
#Vincenzo1,Vincenzo Florio,person
#Vincenzo1,Vincenzo Florio,person
#Paolo,Paolo Florio,person
#Vincenzo1,Vincenzo Florio,person
#Paolo,Paolo Florio,person
#Vincenzo1,Vincenzo Florio,person
#Vincenzo1,Vincenzo Florio,person
#Paolo,Paolo Florio,person
#Vincenzo1,Vincenzo Florio,person
#Paolo,Paolo Florio,person
#Paolo,Paolo Florio,person
#Vincenzo1,Vincenzo Florio,person
#Peppino,Peppino,person
#bagnaroti,bagnaroti,person
#mogliePaolo,Giuseppina Saffiotti Florio,person
#maestro,Antonino Gagliano,person
#Vincenzo1,Vincenzo Florio,person
#Ignazio1,Ignazio Florio,person
#Paolo,Paolo Florio,person
#Vincenzo1,Vincenzo Florio,person
#Paolo,Paolo Florio,person
#Vincenzo1,Vincenzo Florio,person
#Paolo,Paolo Florio,person
#Paolo,Paolo Florio,person
#Ignazio1,Ignazio Florio,person
#Paolo,Paolo Florio,person
#Mauri,Maurizio Reggio,person
#Ignazio1,Ignazio Florio,person
#Paolo,Paolo Florio,person
#Orsola,Orsola (donna di servizio),person
#Ignazio1,Ignazio Florio,person
#Paolo,Paolo Florio,person
#Ignazio1,Ignazio Florio,person
#nipoteIgn,Vittoria,person
#mogliePaolo,Giuseppina Saffiotti Florio,person
#Ignazio1,Ignazio Florio,person
#mogliePaolo,Giuseppina Saffiotti Florio,person
#nipoteIgn,Vittoria,person
#Ignazio1,Ignazio Florio,person
#Paolo,Paolo Florio,person
#Paolo,Paolo Florio,person
#Ignazio1,Ignazio Florio,person
#Paolo,Paolo Florio,person
#Paolo,Paolo Florio,person
#nipoteIgn,Vittoria,person
#Orsola,Orsola (donna di servizio),person
#mogliePaolo,Giuseppina Saffiotti Florio,person
#Vincenzo1,Vincenzo Florio,person
#Ignazio1,Ignazio Florio,person
#mogliePaolo,Giuseppina Saffiotti Florio,person
#Vincenzo1,Vincenzo Florio,person
#mogliePaolo,Giuseppina Saffiotti Florio,person
#Ignazio1,Ignazio Florio,person
#Vincenzo1,Vincenzo Florio,person
#mogliePaolo,Giuseppina Saffiotti Florio,person
#Ignazio1,Ignazio Florio,person
#Vincenzo1,Vincenzo Florio,person
#Paolo,Paolo Florio,person
#Vincenzo1,Vincenzo Florio,person
#nipoteIgn,Vittoria,person
#mogliePaolo,Giuseppina Saffiotti Florio,person
#Paolo,Paolo Florio,person
#Ignazio1,Ignazio Florio,person
#Paolo,Paolo Florio,person
#Canzoneri,Gnazì Canzoneri ,person
#Vincenzo1,Vincenzo Florio,person
#mogliePaolo,Giuseppina Saffiotti Florio,person
#Paolo,Paolo Florio,person
#MattiaBarbaro,Mattia Florio Barbaro,person
#PaoloBarbaro,Paolo Barbaro,person
#Ignazio1,Ignazio Florio,person
#MattiaBarbaro,Mattia Florio Barbaro,person
#MattiaBarbaro,Mattia Florio Barbaro,person
#Ignazio1,Ignazio Florio,person
#RaffaeleBarbaro,Raffaele Barbaro,person
#PaoloBarbaro,Paolo Barbaro,person
#MattiaBarbaro,Mattia Florio Barbaro,person
#Paolo,Paolo Florio,person
#mogliePaolo,Giuseppina Saffiotti Florio,person
#mogliePaolo,Giuseppina Saffiotti Florio,person
#Ignazio1,Ignazio Florio,person
#MattiaBarbaro,Mattia Florio Barbaro,person
#Paolo,Paolo Florio,person
#mogliePaolo,Giuseppina Saffiotti Florio,person
#Ignazio1,Ignazio Florio,person
#Vincenzo1,Vincenzo Florio,person
#Vincenzo1,Vincenzo Florio,person
#Ignazio1,Ignazio Florio,person
#Ignazio1,Ignazio Florio,person
#mastroSalvo,mastro Salvatore (spedizionista),person
#Paolo,Paolo Florio,person
#Ignazio1,Ignazio Florio,person
#Paolo,Paolo Florio,person
#Ignazio1,Ignazio Florio,person
#mastroSalvo,mastro Salvatore (spedizionista),person
#MattiaBarbaro,Mattia Florio Barbaro,person
#mastroSalvo,mastro Salvatore (spedizionista),person
#Ignazio1,Ignazio Florio,person
#mogliePaolo,Giuseppina Saffiotti Florio,person
#Paolo,Paolo Florio,person
#mogliePaolo,Giuseppina Saffiotti Florio,person
#Orsola,Orsola (donna di servizio),person
#Ignazio1,Ignazio Florio,person
#mogliePaolo,Giuseppina Saffiotti Florio,person
#MattiaBarbaro,Mattia Florio Barbaro,person
#MattiaBarbaro,Mattia Florio Barbaro,person
#Ignazio1,Ignazio Florio,person
#RaffaeleBarbaro,Raffaele Barbaro,person
#PaoloBarbaro,Paolo Barbaro,person
#bagnaroti,bagnaroti,person
#Paolo,Paolo Florio,person
#MattiaBarbaro,Mattia Florio Barbaro,person
#PaoloBarbaro,Paolo Barbaro,person
#Paolo,Paolo Florio,person
#MattiaBarbaro,Mattia Florio Barbaro,person
#Vincenzo1,Vincenzo Florio,person
#RaffaeleBarbaro,Raffaele Barbaro,person
#nipoteIgn,Vittoria,person
#MattiaBarbaro,Mattia Florio Barbaro,person
#mogliePaolo,Giuseppina Saffiotti Florio,person
#Vincenzo1,Vincenzo Florio,person
#Paolo,Paolo Florio,person
#mogliePaolo,Giuseppina Saffiotti Florio,person
#MattiaBarbaro,Mattia Florio Barbaro,person
#PaoloBarbaro,Paolo Barbaro,person
#Ignazio1,Ignazio Florio,person
#MattiaBarbaro,Mattia Florio Barbaro,person
#Vincenzo1,Vincenzo Florio,person
#mogliePaolo,Giuseppina Saffiotti Florio,person
#Ignazio1,Ignazio Florio,person
#mogliePaolo,Giuseppina Saffiotti Florio,person
#Paolo,Paolo Florio,person
#Ignazio1,Ignazio Florio,person
#Caruso,cerusico Caruso,person
#Ignazio1,Ignazio Florio,person
#Paolo,Paolo Florio,person
#MattiaBarbaro,Mattia Florio Barbaro,person
#Caruso,cerusico Caruso,person
#Vincenzo1,Vincenzo Florio,person
#RaffaeleBarbaro,Raffaele Barbaro,person
#nipoteIgn,Vittoria,person
#mogliePaolo,Giuseppina Saffiotti Florio,person
#MattiaBarbaro,Mattia Florio Barbaro,person
#mogliePaolo,Giuseppina Saffiotti Florio,person
#Ignazio1,Ignazio Florio,person
#MattiaBarbaro,Mattia Florio Barbaro,person
#mogliePaolo,Giuseppina Saffiotti Florio,person
#Ignazio1,Ignazio Florio,person
#mogliePaolo,Giuseppina Saffiotti Florio,person
#MattiaBarbaro,Mattia Florio Barbaro,person
#MattiaBarbaro,Mattia Florio Barbaro,person
#mogliePaolo,Giuseppina Saffiotti Florio,person
#MattiaBarbaro,Mattia Florio Barbaro,person
#Ignazio1,Ignazio Florio,person
#mogliePaolo,Giuseppina Saffiotti Florio,person
#Ignazio1,Ignazio Florio,person
#mogliePaolo,Giuseppina Saffiotti Florio,person
#Ignazio1,Ignazio Florio,person
#MattiaBarbaro,Mattia Florio Barbaro,person
#mogliePaolo,Giuseppina Saffiotti Florio,person
#Ignazio1,Ignazio Florio,person
#mogliePaolo,Giuseppina Saffiotti Florio,person
#MattiaBarbaro,Mattia Florio Barbaro,person
#MattiaBarbaro,Mattia Florio Barbaro,person
#mogliePaolo,Giuseppina Saffiotti Florio,person
#mogliePaolo,Giuseppina Saffiotti Florio,person
#Ignazio1,Ignazio Florio,person
#Ignazio1,Ignazio Florio,person
#Paolo,Paolo Florio,person
#mogliePaolo,Giuseppina Saffiotti Florio,person
#MattiaBarbaro,Mattia Florio Barbaro,person
#mogliePaolo,Giuseppina Saffiotti Florio,person
#Ignazio1,Ignazio Florio,person
#Ignazio1,Ignazio Florio,person
#Ignazio1,Ignazio Florio,person
#mogliePaolo,Giuseppina Saffiotti Florio,person
#Ignazio1,Ignazio Florio,person
#Ignazio1,Ignazio Florio,person
#mogliePaolo,Giuseppina Saffiotti Florio,person
#Paolo,Paolo Florio,person
#Ignazio1,Ignazio Florio,person
#Paolo,Paolo Florio,person
#mogliePaolo,Giuseppina Saffiotti Florio,person
#Vincenzo1,Vincenzo Florio,person
#mogliePaolo,Giuseppina Saffiotti Florio,person
#MattiaBarbaro,Mattia Florio Barbaro,person
#Ignazio1,Ignazio Florio,person
#mogliePaolo,Giuseppina Saffiotti Florio,person
#MattiaBarbaro,Mattia Florio Barbaro,person
#nipoteIgn,Vittoria,person
#Vincenzo1,Vincenzo Florio,person
#Paolo,Paolo Florio,person
#mogliePaolo,Giuseppina Saffiotti Florio,person
#Paolo,Paolo Florio,person
#Ignazio1,Ignazio Florio,person
#Mauri,Maurizio Reggio,person
#mogliePaolo,Giuseppina Saffiotti Florio,person
#Ignazio1,Ignazio Florio,person
#Vincenzo1,Vincenzo Florio,person
#Paolo,Paolo Florio,person
#Paolo,Paolo Florio,person
#Ignazio1,Ignazio Florio,person
#Paolo,Paolo Florio,person
#Ignazio1,Ignazio Florio,person
#Caruso,cerusico Caruso,person
#Ignazio1,Ignazio Florio,person
#Paolo,Paolo Florio,person
#Ignazio1,Ignazio Florio,person
#notaio,notaio Leone,person
#Ignazio1,Ignazio Florio,person
#Paolo,Paolo Florio,person
#Ignazio1,Ignazio Florio,person
#Paolo,Paolo Florio,person
#Ignazio1,Ignazio Florio,person
#Ignazio1,Ignazio Florio,person
#Ignazio1,Ignazio Florio,person
#Vincenzo1,Vincenzo Florio,person
#mogliePaolo,Giuseppina Saffiotti Florio,person
#PaoloBarbaro,Paolo Barbaro,person
#Paolo,Paolo Florio,person
#PaoloBarbaro,Paolo Barbaro,person
#MattiaBarbaro,Mattia Florio Barbaro,person
#PaoloBarbaro,Paolo Barbaro,person
#MattiaBarbaro,Mattia Florio Barbaro,person
#Ignazio1,Ignazio Florio,person
#Ignazio1,Ignazio Florio,person
#Paolo,Paolo Florio,person
#PaoloBarbaro,Paolo Barbaro,person
#Ignazio1,Ignazio Florio,person
#Paolo,Paolo Florio,person
#Paolo,Paolo Florio,person
#Paolo,Paolo Florio,person
#Ignazio1,Ignazio Florio,person
#Ignazio1,Ignazio Florio,person
#Paolo,Paolo Florio,person
#Vincenzo1,Vincenzo Florio,person
#donSorce,don Sorce,person
#Vincenzo1,Vincenzo Florio,person
#Ignazio1,Ignazio Florio,person
#mogliePaolo,Giuseppina Saffiotti Florio,person
#Mauri,Maurizio Reggio,person
#MattiaBarbaro,Mattia Florio Barbaro,person
#Vincenzo1,Vincenzo Florio,person
#mogliePaolo,Giuseppina Saffiotti Florio,person
#nipoteIgn,Vittoria,person
#Ignazio1,Ignazio Florio,person
#Paolo,Paolo Florio,person
#Ignazio1,Ignazio Florio,person
#Paolo,Paolo Florio,person
#Vincenzo1,Vincenzo Florio,person
#Ignazio1,Ignazio Florio,person
#Vincenzo1,Vincenzo Florio,person
#Mauri,Maurizio Reggio,person
#Ignazio1,Ignazio Florio,person
#Ignazio1,Ignazio Florio,person
#Vincenzo1,Vincenzo Florio,person
#nipoteIgn,Vittoria,person
#Vincenzo1,Vincenzo Florio,person
#Vincenzo1,Vincenzo Florio,person
#GiuseppeBarbaro,Giuseppe Barbaro,person
#Emiddio,Emiddio Barbaro,person
#Ignazio1,Ignazio Florio,person
#Orsola,Orsola (donna di servizio),person
#Vincenzo1,Vincenzo Florio,person
#nipoteIgn,Vittoria,person
#Ignazio1,Ignazio Florio,person
#Emiddio,Emiddio Barbaro,person
#Paolo,Paolo Florio,person
#Vincenzo1,Vincenzo Florio,person
#Vincenzo1,Vincenzo Florio,person
#Vincenzo1,Vincenzo Florio,person
#Ignazio1,Ignazio Florio,person
#Vincenzo1,Vincenzo Florio,person
#Vincenzo1,Vincenzo Florio,person
#Ignazio1,Ignazio Florio,person
#Vincenzo1,Vincenzo Florio,person
#Ignazio1,Ignazio Florio,person
#Paolo,Paolo Florio,person
#Vincenzo1,Vincenzo Florio,person
#Paolo,Paolo Florio,person
#Ignazio1,Ignazio Florio,person
#Vincenzo1,Vincenzo Florio,person
#Ignazio1,Ignazio Florio,person
#Vincenzo1,Vincenzo Florio,person
#Vincenzo1,Vincenzo Florio,person
#Ignazio1,Ignazio Florio,person
#Ignazio1,Ignazio Florio,person
#Ignazio1,Ignazio Florio,person
#VincenzoRomano,Vincenzo Romano,person
#VincenzoRomano,Vincenzo Romano,person
#Ignazio1,Ignazio Florio,person
#Ignazio1,Ignazio Florio,person
#VincenzoRomano,Vincenzo Romano,person
#Vincenzo1,Vincenzo Florio,person
#Ignazio1,Ignazio Florio,person
#Ignazio1,Ignazio Florio,person
#VincenzoRomano,Vincenzo Romano,person
#Ignazio1,Ignazio Florio,person
#Paolo,Paolo Florio,person
#VincenzoRomano,Vincenzo Romano,person
#Canzoneri,Gnazì Canzoneri ,person
#Gulì,Gulì,person
#VincenzoRomano,Vincenzo Romano,person
#Ignazio1,Ignazio Florio,person
#Ignazio1,Ignazio Florio,person
#Ignazio1,Ignazio Florio,person
#Ignazio1,Ignazio Florio,person
#Ignazio1,Ignazio Florio,person
#Canzoneri,Gnazì Canzoneri ,person
#Saguto, Carmelo Saguto ,person
#Ignazio1,Ignazio Florio,person
#mogliePaolo,Giuseppina Saffiotti Florio,person
#Vincenzo1,Vincenzo Florio,person
#nipoteIgn,Vittoria,person
#mogliePaolo,Giuseppina Saffiotti Florio,person
#Ignazio1,Ignazio Florio,person
#mogliePaolo,Giuseppina Saffiotti Florio,person
#Vincenzo1,Vincenzo Florio,person
#mogliePaolo,Giuseppina Saffiotti Florio,person
#Ignazio1,Ignazio Florio,person
#Ignazio1,Ignazio Florio,person
#Ignazio1,Ignazio Florio,person
#pittore,Salvatore Burgarello,person
#mogliePaolo,Giuseppina Saffiotti Florio,person
#Vincenzo1,Vincenzo Florio,person
#Ignazio1,Ignazio Florio,person
#Ignazio1,Ignazio Florio,person
#Vincenzo1,Vincenzo Florio,person
#clienteMarghe,Margherita Conticello,person
#clienteMarghe,Margherita Conticello,person
#Vincenzo1,Vincenzo Florio,person
#Vincenzo1,Vincenzo Florio,person
#clienteMarghe,Margherita Conticello,person
#clienteMarghe,Margherita Conticello,person
#Vincenzo1,Vincenzo Florio,person
#Ignazio1,Ignazio Florio,person
#VincenzoMazza,Vincenzo Mazza,person
#bagnaroti,bagnaroti,person
#Ignazio1,Ignazio Florio,person
#Vincenzo1,Vincenzo Florio,person
#Ignazio1,Ignazio Florio,person
#Vincenzo1,Vincenzo Florio,person
#Ignazio1,Ignazio Florio,person
#Vincenzo1,Vincenzo Florio,person
#Vincenzo1,Vincenzo Florio,person
#clienteMarghe,Margherita Conticello,person
#Ignazio1,Ignazio Florio,person
#Vincenzo1,Vincenzo Florio,person
#Vincenzo1,Vincenzo Florio,person
#Ignazio1,Ignazio Florio,person
#Mauri,Maurizio Reggio,person
#Ignazio1,Ignazio Florio,person
#Vincenzo1,Vincenzo Florio,person
#Ignazio1,Ignazio Florio,person
#Ignazio1,Ignazio Florio,person
#Ignazio1,Ignazio Florio,person
#Vincenzo1,Vincenzo Florio,person
#Paolo,Paolo Florio,person
#Vincenzo1,Vincenzo Florio,person
#Ignazio1,Ignazio Florio,person
#Vincenzo1,Vincenzo Florio,person
#Ignazio1,Ignazio Florio,person
#VincenzoMazza,Vincenzo Mazza,person
#Ignazio1,Ignazio Florio,person
#Vincenzo1,Vincenzo Florio,person
#Ignazio1,Ignazio Florio,person
#Ignazio1,Ignazio Florio,person
#Gibbs,Abraham Gibbs,person
#inglesi,gli inglesi,person
#Gibbs,Abraham Gibbs,person
#Vincenzo1,Vincenzo Florio,person
#Ben,Benjamin Ingham,person
#Ben,Benjamin Ingham,person
#Vincenzo1,Vincenzo Florio,person
#inglesi,gli inglesi,person
#Woodhouse,John Woodhouse,person
#Hopps,James Hopps,person
#Gibbs,Abraham Gibbs,person
#Ben,Benjamin Ingham,person
#Vincenzo1,Vincenzo Florio,person
#Ignazio1,Ignazio Florio,person
#Vincenzo1,Vincenzo Florio,person
#Ben,Benjamin Ingham,person
#Ben,Benjamin Ingham,person
#Vincenzo1,Vincenzo Florio,person
#Vincenzo1,Vincenzo Florio,person
#Ben,Benjamin Ingham,person
#Ben,Benjamin Ingham,person
#Vincenzo1,Vincenzo Florio,person
#Ben,Benjamin Ingham,person
#Vincenzo1,Vincenzo Florio,person
#Ben,Benjamin Ingham,person
#Ben,Benjamin Ingham,person
#Ignazio1,Ignazio Florio,person
#inglesi,gli inglesi,person
#Vincenzo1,Vincenzo Florio,person
#Ben,Benjamin Ingham,person
#Ben,Benjamin Ingham,person
#Vincenzo1,Vincenzo Florio,person
#Ben,Benjamin Ingham,person
#Vincenzo1,Vincenzo Florio,person
#Ben,Benjamin Ingham,person
#Ignazio1,Ignazio Florio,person
#Vincenzo1,Vincenzo Florio,person
#Ben,Benjamin Ingham,person
#Vincenzo1,Vincenzo Florio,person
#Ben,Benjamin Ingham,person
#Vincenzo1,Vincenzo Florio,person
#Ignazio1,Ignazio Florio,person
#Ben,Benjamin Ingham,person
#Vincenzo1,Vincenzo Florio,person
#Ignazio1,Ignazio Florio,person
#Vincenzo1,Vincenzo Florio,person
#Vincenzo1,Vincenzo Florio,person
#Ignazio1,Ignazio Florio,person
#Ignazio1,Ignazio Florio,person
#Ignazio1,Ignazio Florio,person
#mogliePaolo,Giuseppina Saffiotti Florio,person
#Ignazio1,Ignazio Florio,person
#mogliePaolo,Giuseppina Saffiotti Florio,person
#Ignazio1,Ignazio Florio,person
#mogliePaolo,Giuseppina Saffiotti Florio,person
#Ignazio1,Ignazio Florio,person
#Olimpia,Olimpia,person
#mogliePaolo,Giuseppina Saffiotti Florio,person
#Paolo,Paolo Florio,person
#Paolo,Paolo Florio,person
#Paolo,Paolo Florio,person
#mogliePaolo,Giuseppina Saffiotti Florio,person
#Ignazio1,Ignazio Florio,person
#Ignazio1,Ignazio Florio,person
#mogliePaolo,Giuseppina Saffiotti Florio,person
#Paolo,Paolo Florio,person
#mogliePaolo,Giuseppina Saffiotti Florio,person
#Ignazio1,Ignazio Florio,person
#mogliePaolo,Giuseppina Saffiotti Florio,person
#Paolo,Paolo Florio,person
#mogliePaolo,Giuseppina Saffiotti Florio,person
#Vincenzo1,Vincenzo Florio,person
#Ignazio1,Ignazio Florio,person
#Vincenzo1,Vincenzo Florio,person
#mogliePaolo,Giuseppina Saffiotti Florio,person
#mogliePaolo,Giuseppina Saffiotti Florio,person
#Ignazio1,Ignazio Florio,person
#mogliePaolo,Giuseppina Saffiotti Florio,person
#mogliePaolo,Giuseppina Saffiotti Florio,person
#Ignazio1,Ignazio Florio,person
#Vincenzo1,Vincenzo Florio,person
#mogliePaolo,Giuseppina Saffiotti Florio,person
#Ignazio1,Ignazio Florio,person
#Paolo,Paolo Florio,person
#Leone,Salvatore Leone,person
#Vincenzo1,Vincenzo Florio,person
#Ignazio1,Ignazio Florio,person
#Vincenzo1,Vincenzo Florio,person
#Ignazio1,Ignazio Florio,person
#Vincenzo1,Vincenzo Florio,person
#Ignazio1,Ignazio Florio,person
#Ignazio1,Ignazio Florio,person
#Ben,Benjamin Ingham,person
#Whitaker,Joseph Whitaker,person
#GiuseppePa,Giuseppe Pajno,person
#Ignazio1,Ignazio Florio,person
#Ignazio1,Ignazio Florio,person
#GiuseppePa,Giuseppe Pajno,person
#Ignazio1,Ignazio Florio,person
#Vincenzo1,Vincenzo Florio,person
#GiuseppePa,Giuseppe Pajno,person
#Vincenzo1,Vincenzo Florio,person
#Ignazio1,Ignazio Florio,person
#inglesi,gli inglesi,person
#francesi,i francesi,person
#Napoleone,Napoleone,person
#Ignazio1,Ignazio Florio,person
#Vincenzo1,Vincenzo Florio,person
#Saguto, Carmelo Saguto ,person
#Ignazio1,Ignazio Florio,person
#GiuseppePa,Giuseppe Pajno,person
#Saguto, Carmelo Saguto ,person
#Ignazio1,Ignazio Florio,person
#Whitaker,Joseph Whitaker,person
#Ben,Benjamin Ingham,person
#GiuseppePa,Giuseppe Pajno,person
#Ben,Benjamin Ingham,person
#Saguto, Carmelo Saguto ,person
#GiuseppePa,Giuseppe Pajno,person
#Ignazio1,Ignazio Florio,person
#Vincenzo1,Vincenzo Florio,person
#Vincenzo1,Vincenzo Florio,person
#GiuseppePa,Giuseppe Pajno,person
#Ignazio1,Ignazio Florio,person
#GiuseppePa,Giuseppe Pajno,person
#Ignazio1,Ignazio Florio,person
#GiuseppePa,Giuseppe Pajno,person
#Vincenzo1,Vincenzo Florio,person
#Ignazio1,Ignazio Florio,person
#Canzoneri,Gnazì Canzoneri ,person
#Saguto, Carmelo Saguto ,person
#Ignazio1,Ignazio Florio,person
#Ben,Benjamin Ingham,person
#inglesi,gli inglesi,person
#Ferdinando,Ferdinando di Borbone-Due Sicilie,person
#Napoleone,Napoleone,person
#Vincenzo1,Vincenzo Florio,person
#Ignazio1,Ignazio Florio,person
#Paolo,Paolo Florio,person
#Ignazio1,Ignazio Florio,person
#Paolo,Paolo Florio,person
#Vincenzo1,Vincenzo Florio,person
#mogliePaolo,Giuseppina Saffiotti Florio,person
#nipoteIgn,Vittoria,person
#Ignazio1,Ignazio Florio,person
#mogliePaolo,Giuseppina Saffiotti Florio,person
#Vincenzo1,Vincenzo Florio,person
#mogliePaolo,Giuseppina Saffiotti Florio,person
#Vincenzo1,Vincenzo Florio,person
#nipoteIgn,Vittoria,person
#PietroSpo,Pietro Spoliti,person
#mogliePaolo,Giuseppina Saffiotti Florio,person
#PietroSpo,Pietro Spoliti,person
#nipoteIgn,Vittoria,person
#nipoteIgn,Vittoria,person
#mogliePaolo,Giuseppina Saffiotti Florio,person
#PietroSpo,Pietro Spoliti,person
#nipoteIgn,Vittoria,person
#Ignazio1,Ignazio Florio,person
#mogliePaolo,Giuseppina Saffiotti Florio,person
#mogliePaolo,Giuseppina Saffiotti Florio,person
#mogliePaolo,Giuseppina Saffiotti Florio,person
#nipoteIgn,Vittoria,person
#PietroSpo,Pietro Spoliti,person
#mogliePaolo,Giuseppina Saffiotti Florio,person
#nipoteIgn,Vittoria,person
#mogliePaolo,Giuseppina Saffiotti Florio,person
#Vincenzo1,Vincenzo Florio,person
#Vincenzo1,Vincenzo Florio,person
#Paolo,Paolo Florio,person
#Paolo,Paolo Florio,person
#Vincenzo1,Vincenzo Florio,person
#mogliePaolo,Giuseppina Saffiotti Florio,person
#GiuseppePa,Giuseppe Pajno,person
#Gu,Guglielmo Li Vigni,person
#Nic,Niccolò Raffo,person
#Saguto, Carmelo Saguto ,person
#Saguto, Carmelo Saguto ,person
#Ignazio1,Ignazio Florio,person
#Gu,Guglielmo Li Vigni,person
#Saguto, Carmelo Saguto ,person
#Canzoneri,Gnazì Canzoneri ,person
#Gu,Guglielmo Li Vigni,person
#Vincenzo1,Vincenzo Florio,person
#Ignazio1,Ignazio Florio,person
#Vincenzo1,Vincenzo Florio,person
#Vincenzo1,Vincenzo Florio,person
#Ignazio1,Ignazio Florio,person
#Saguto, Carmelo Saguto ,person
#Ignazio1,Ignazio Florio,person
#Vincenzo1,Vincenzo Florio,person
#Vincenzo1,Vincenzo Florio,person
#Vincenzo1,Vincenzo Florio,person
#Ignazio1,Ignazio Florio,person
#mogliePaolo,Giuseppina Saffiotti Florio,person
#Ignazio1,Ignazio Florio,person
#francesi,i francesi,person
#Ignazio1,Ignazio Florio,person
#Vincenzo1,Vincenzo Florio,person
#Marianna,Marianna (cuoca),person
#mogliePaolo,Giuseppina Saffiotti Florio,person
#Marianna,Marianna (cuoca),person
#Ignazio1,Ignazio Florio,person
#Ignazio1,Ignazio Florio,person
#Vincenzo1,Vincenzo Florio,person
#mogliePaolo,Giuseppina Saffiotti Florio,person
#Isa,Isabella Pillitteri,person
#Vincenzo1,Vincenzo Florio,person
#Isa,Isabella Pillitteri,person
#Ignazio1,Ignazio Florio,person
#Vincenzo1,Vincenzo Florio,person
#mogliePaolo,Giuseppina Saffiotti Florio,person
#Ignazio1,Ignazio Florio,person
#Vincenzo1,Vincenzo Florio,person
#Ben,Benjamin Ingham,person
#Ben,Benjamin Ingham,person
#mogliePaolo,Giuseppina Saffiotti Florio,person
#Vincenzo1,Vincenzo Florio,person
#Ignazio1,Ignazio Florio,person
#Vincenzo1,Vincenzo Florio,person
#Isa,Isabella Pillitteri,person
#mogliePaolo,Giuseppina Saffiotti Florio,person
#Vincenzo1,Vincenzo Florio,person
#Isa,Isabella Pillitteri,person
#Ignazio1,Ignazio Florio,person
#Vincenzo1,Vincenzo Florio,person
#mogliePaolo,Giuseppina Saffiotti Florio,person
#Ignazio1,Ignazio Florio,person
#Vincenzo1,Vincenzo Florio,person
#Ignazio1,Ignazio Florio,person
#Vincenzo1,Vincenzo Florio,person
#Saguto, Carmelo Saguto ,person
#Canzoneri,Gnazì Canzoneri ,person
#Saguto, Carmelo Saguto ,person
#figliaCanzo,figlia Canzoneri,person
#Canzoneri,Gnazì Canzoneri ,person
#Vincenzo1,Vincenzo Florio,person
#Vincenzo1,Vincenzo Florio,person
#Napoleone,Napoleone,person
#inglesi,gli inglesi,person
#Vincenzo1,Vincenzo Florio,person
#Gulì,Gulì,person
#Ignazio1,Ignazio Florio,person
#Ben,Benjamin Ingham,person
#inglesi,gli inglesi,person
#napoletani,i napoletani,person
#Vincenzo1,Vincenzo Florio,person
#siciliani,i siciliani,person
#napoletani,i napoletani,person
#napoletani,i napoletani,person
#Vincenzo1,Vincenzo Florio,person
#Ignazio1,Ignazio Florio,person
#Vincenzo1,Vincenzo Florio,person
#Ignazio1,Ignazio Florio,person
#Ignazio1,Ignazio Florio,person
#Vincenzo1,Vincenzo Florio,person
#Ignazio1,Ignazio Florio,person
#Ignazio1,Ignazio Florio,person
#Vincenzo1,Vincenzo Florio,person
#Vincenzo1,Vincenzo Florio,person
#Ignazio1,Ignazio Florio,person
#mogliePaolo,Giuseppina Saffiotti Florio,person
#Vincenzo1,Vincenzo Florio,person
#Vincenzo1,Vincenzo Florio,person
#Ignazio1,Ignazio Florio,person
#Vincenzo1,Vincenzo Florio,person
#Vincenzo1,Vincenzo Florio,person
#Vincenzo1,Vincenzo Florio,person
#Ignazio1,Ignazio Florio,person
#Isa,Isabella Pillitteri,person
#Isa,Isabella Pillitteri,person
#Isa,Isabella Pillitteri,person
#Vincenzo1,Vincenzo Florio,person
#Isa,Isabella Pillitteri,person
#baronessaPilli,baronessa Pillitteri,person
#Vincenzo1,Vincenzo Florio,person
#Isa,Isabella Pillitteri,person
#Vincenzo1,Vincenzo Florio,person
#baronessaPilli,baronessa Pillitteri,person
#Isa,Isabella Pillitteri,person
#Isa,Isabella Pillitteri,person
#Vincenzo1,Vincenzo Florio,person
#Vincenzo1,Vincenzo Florio,person
#Isa,Isabella Pillitteri,person
#mogliePaolo,Giuseppina Saffiotti Florio,person
#mogliePaolo,Giuseppina Saffiotti Florio,person
#Vincenzo1,Vincenzo Florio,person
#Ignazio1,Ignazio Florio,person
#Isa,Isabella Pillitteri,person
#Isa,Isabella Pillitteri,person
#Vincenzo1,Vincenzo Florio,person
#Vincenzo1,Vincenzo Florio,person
#Isa,Isabella Pillitteri,person
#Isa,Isabella Pillitteri,person
#Vincenzo1,Vincenzo Florio,person
#Isa,Isabella Pillitteri,person
#Isa,Isabella Pillitteri,person
#baronessaPilli,baronessa Pillitteri,person
#Isa,Isabella Pillitteri,person
#Vincenzo1,Vincenzo Florio,person
#baronessaPilli,baronessa Pillitteri,person
#Ignazio1,Ignazio Florio,person
#Vincenzo1,Vincenzo Florio,person
#Isa,Isabella Pillitteri,person
#mogliePaolo,Giuseppina Saffiotti Florio,person
#Ignazio1,Ignazio Florio,person
#napoletani,i napoletani,person
#mogliePaolo,Giuseppina Saffiotti Florio,person
#Ignazio1,Ignazio Florio,person
#Ignazio1,Ignazio Florio,person
#mogliePaolo,Giuseppina Saffiotti Florio,person
#Isa,Isabella Pillitteri,person
#Vincenzo1,Vincenzo Florio,person
#mogliePaolo,Giuseppina Saffiotti Florio,person
#Ignazio1,Ignazio Florio,person
#Vincenzo1,Vincenzo Florio,person
#Ignazio1,Ignazio Florio,person
#Vincenzo1,Vincenzo Florio,person
#Isa,Isabella Pillitteri,person
#Vincenzo1,Vincenzo Florio,person
#mogliePaolo,Giuseppina Saffiotti Florio,person
#Ignazio1,Ignazio Florio,person
#Vincenzo1,Vincenzo Florio,person
#Vincenzo1,Vincenzo Florio,person
#mogliePaolo,Giuseppina Saffiotti Florio,person
#Isa,Isabella Pillitteri,person
#mogliePaolo,Giuseppina Saffiotti Florio,person
#Ignazio1,Ignazio Florio,person
#mogliePaolo,Giuseppina Saffiotti Florio,person
#Vincenzo1,Vincenzo Florio,person
#Ignazio1,Ignazio Florio,person
#Isa,Isabella Pillitteri,person
#Vincenzo1,Vincenzo Florio,person
#Ignazio1,Ignazio Florio,person
#Vincenzo1,Vincenzo Florio,person
#Isa,Isabella Pillitteri,person
#baronessaPilli,baronessa Pillitteri,person
#Isa,Isabella Pillitteri,person
#Ignazio1,Ignazio Florio,person
#Vincenzo1,Vincenzo Florio,person
#Vincenzo1,Vincenzo Florio,person
#Vincenzo1,Vincenzo Florio,person
#Ignazio1,Ignazio Florio,person
#Vincenzo1,Vincenzo Florio,person
#Isa,Isabella Pillitteri,person
#Isa,Isabella Pillitteri,person
#Vincenzo1,Vincenzo Florio,person
#Ignazio1,Ignazio Florio,person
#Vincenzo1,Vincenzo Florio,person
#Ignazio1,Ignazio Florio,person
#Vincenzo1,Vincenzo Florio,person
#mogliePaolo,Giuseppina Saffiotti Florio,person
#Vincenzo1,Vincenzo Florio,person
#Ben,Benjamin Ingham,person
#Isa,Isabella Pillitteri,person
#Vincenzo1,Vincenzo Florio,person
#Isa,Isabella Pillitteri,person
#Vincenzo1,Vincenzo Florio,person
#Vincenzo1,Vincenzo Florio,person
#Isa,Isabella Pillitteri,person
#baronessaPilli,baronessa Pillitteri,person
#Vincenzo1,Vincenzo Florio,person
#Isa,Isabella Pillitteri,person
#baronessaPilli,baronessa Pillitteri,person
#Isa,Isabella Pillitteri,person
#Vincenzo1,Vincenzo Florio,person
#baronessaPilli,baronessa Pillitteri,person
#Isa,Isabella Pillitteri,person
#Vincenzo1,Vincenzo Florio,person
#baronessaPilli,baronessa Pillitteri,person
#baronessaPilli,baronessa Pillitteri,person
#Vincenzo1,Vincenzo Florio,person
#Vincenzo1,Vincenzo Florio,person
#baronessaPilli,baronessa Pillitteri,person
#Vincenzo1,Vincenzo Florio,person
#baronessaPilli,baronessa Pillitteri,person
#Vincenzo1,Vincenzo Florio,person
#baronessaPilli,baronessa Pillitteri,person
#Vincenzo1,Vincenzo Florio,person
#Isa,Isabella Pillitteri,person
#Vincenzo1,Vincenzo Florio,person
#baronessaPilli,baronessa Pillitteri,person
#baronessaPilli,baronessa Pillitteri,person
#Vincenzo1,Vincenzo Florio,person
#Vincenzo1,Vincenzo Florio,person
#Ben,Benjamin Ingham,person
#Vincenzo1,Vincenzo Florio,person
#Vincenzo1,Vincenzo Florio,person
#Ben,Benjamin Ingham,person
#Vincenzo1,Vincenzo Florio,person
#Vincenzo1,Vincenzo Florio,person
#Ben,Benjamin Ingham,person
#Ben,Benjamin Ingham,person
#Vincenzo1,Vincenzo Florio,person
#Ben,Benjamin Ingham,person
#Ben,Benjamin Ingham,person
#Vincenzo1,Vincenzo Florio,person
#Vincenzo1,Vincenzo Florio,person
#Ben,Benjamin Ingham,person
#Vincenzo1,Vincenzo Florio,person
#Vincenzo1,Vincenzo Florio,person
#Ben,Benjamin Ingham,person
#Vincenzo1,Vincenzo Florio,person
#Ben,Benjamin Ingham,person
#Vincenzo1,Vincenzo Florio,person
#Vincenzo1,Vincenzo Florio,person
#Canzoneri,Gnazì Canzoneri ,person
#Gulì,Gulì,person
#Ben,Benjamin Ingham,person
#Vincenzo1,Vincenzo Florio,person
#Isa,Isabella Pillitteri,person
#Ben,Benjamin Ingham,person
#Vincenzo1,Vincenzo Florio,person
#Ben,Benjamin Ingham,person
#Ignazio1,Ignazio Florio,person
#mogliePaolo,Giuseppina Saffiotti Florio,person
#Ignazio1,Ignazio Florio,person
#mogliePaolo,Giuseppina Saffiotti Florio,person
#Ignazio1,Ignazio Florio,person
#mogliePaolo,Giuseppina Saffiotti Florio,person
#mogliePaolo,Giuseppina Saffiotti Florio,person
#Ignazio1,Ignazio Florio,person
#Ignazio1,Ignazio Florio,person
#mogliePaolo,Giuseppina Saffiotti Florio,person
#Ignazio1,Ignazio Florio,person
#levatrice,Mariuccia Colosimo,person
#Vincenzo1,Vincenzo Florio,person
#Ignazio1,Ignazio Florio,person
#mogliePaolo,Giuseppina Saffiotti Florio,person
#Vincenzo1,Vincenzo Florio,person
#mogliePaolo,Giuseppina Saffiotti Florio,person
#Ignazio1,Ignazio Florio,person
#Vincenzo1,Vincenzo Florio,person
#mogliePaolo,Giuseppina Saffiotti Florio,person
#Ignazio1,Ignazio Florio,person
#mogliePaolo,Giuseppina Saffiotti Florio,person
#Ignazio1,Ignazio Florio,person
#mogliePaolo,Giuseppina Saffiotti Florio,person
#Ignazio1,Ignazio Florio,person
#mogliePaolo,Giuseppina Saffiotti Florio,person
#mogliePaolo,Giuseppina Saffiotti Florio,person
#nipoteIgn,Vittoria,person
#PietroSpo,Pietro Spoliti,person
#mogliePaolo,Giuseppina Saffiotti Florio,person
#Ignazio1,Ignazio Florio,person
#mogliePaolo,Giuseppina Saffiotti Florio,person
#Paolo,Paolo Florio,person
#Ignazio1,Ignazio Florio,person
#Vincenzo1,Vincenzo Florio,person
#Ignazio1,Ignazio Florio,person
#mogliePaolo,Giuseppina Saffiotti Florio,person
#mogliePaolo,Giuseppina Saffiotti Florio,person
#Ignazio1,Ignazio Florio,person
#mogliePaolo,Giuseppina Saffiotti Florio,person
#mogliePaolo,Giuseppina Saffiotti Florio,person
#Ignazio1,Ignazio Florio,person
#Vincenzo1,Vincenzo Florio,person
#Ignazio1,Ignazio Florio,person
#mogliePaolo,Giuseppina Saffiotti Florio,person
#Ignazio1,Ignazio Florio,person
#mogliePaolo,Giuseppina Saffiotti Florio,person
#Ignazio1,Ignazio Florio,person
#mogliePaolo,Giuseppina Saffiotti Florio,person
#Vincenzo1,Vincenzo Florio,person
#Ignazio1,Ignazio Florio,person
#Vincenzo1,Vincenzo Florio,person
#Ignazio1,Ignazio Florio,person
#mogliePaolo,Giuseppina Saffiotti Florio,person
#Vincenzo1,Vincenzo Florio,person
#Ignazio1,Ignazio Florio,person
#inglesi,gli inglesi,person
#Vincenzo1,Vincenzo Florio,person
#Ignazio1,Ignazio Florio,person
#Ben,Benjamin Ingham,person
#Vincenzo1,Vincenzo Florio,person
#Ben,Benjamin Ingham,person
#Ignazio1,Ignazio Florio,person
#Ignazio1,Ignazio Florio,person
#Vincenzo1,Vincenzo Florio,person
#Ben,Benjamin Ingham,person
#Ignazio1,Ignazio Florio,person
#mogliePaolo,Giuseppina Saffiotti Florio,person
#Vincenzo1,Vincenzo Florio,person
#Ignazio1,Ignazio Florio,person
#mogliePaolo,Giuseppina Saffiotti Florio,person
#Ignazio1,Ignazio Florio,person
#Ignazio1,Ignazio Florio,person
#Vincenzo1,Vincenzo Florio,person
#Vincenzo1,Vincenzo Florio,person
#francesi,i francesi,person
#Gulì,Gulì,person
#Ignazio1,Ignazio Florio,person
#inglesi,gli inglesi,person
#Vincenzo1,Vincenzo Florio,person
#francesi,i francesi,person
#Ignazio1,Ignazio Florio,person
#Vincenzo1,Vincenzo Florio,person
#Vincenzo1,Vincenzo Florio,person
#Ignazio1,Ignazio Florio,person
#Ignazio1,Ignazio Florio,person
#Ignazio1,Ignazio Florio,person
#Vincenzo1,Vincenzo Florio,person
#Saguto, Carmelo Saguto ,person
#figlioCanzoneri,Venanzio Canzoneri ,person
#Ignazio1,Ignazio Florio,person
#Vincenzo1,Vincenzo Florio,person
#Ignazio1,Ignazio Florio,person
#figlioCanzoneri,Venanzio Canzoneri ,person
#figlioCanzoneri,Venanzio Canzoneri ,person
#Ignazio1,Ignazio Florio,person
#Vincenzo1,Vincenzo Florio,person
#Canzoneri,Gnazì Canzoneri ,person
#Saguto, Carmelo Saguto ,person
#Saguto, Carmelo Saguto ,person
#Vincenzo1,Vincenzo Florio,person
#Ignazio1,Ignazio Florio,person
#Vincenzo1,Vincenzo Florio,person
#Saguto, Carmelo Saguto ,person
#figlioCanzoneri,Venanzio Canzoneri ,person
#Canzoneri,Gnazì Canzoneri ,person
#figlioCanzoneri,Venanzio Canzoneri ,person
#Canzoneri,Gnazì Canzoneri ,person
#figlioCanzoneri,Venanzio Canzoneri ,person
#figlioCanzoneri,Venanzio Canzoneri ,person
#Gulì,Gulì,person
#Paolo,Paolo Florio,person
#Ignazio1,Ignazio Florio,person
#Vincenzo1,Vincenzo Florio,person
#Gulì,Gulì,person
#Vincenzo1,Vincenzo Florio,person
#figlioCanzoneri,Venanzio Canzoneri ,person
#Gulì,Gulì,person
#Vincenzo1,Vincenzo Florio,person
#Saguto, Carmelo Saguto ,person
#Saguto, Carmelo Saguto ,person
#Ignazio1,Ignazio Florio,person
#Vincenzo1,Vincenzo Florio,person
#Vincenzo1,Vincenzo Florio,person
#Saguto, Carmelo Saguto ,person
#Ignazio1,Ignazio Florio,person
#Gulì,Gulì,person
#Pizzimenti,Gaspare Pizzimenti,person
#Ignazio1,Ignazio Florio,person
#Vincenzo1,Vincenzo Florio,person
#Ignazio1,Ignazio Florio,person
#Saguto, Carmelo Saguto ,person
#Pizzimenti,Gaspare Pizzimenti,person
#Gulì,Gulì,person
#figlioCanzoneri,Venanzio Canzoneri ,person
#figlioCanzoneri,Venanzio Canzoneri ,person
#Saguto, Carmelo Saguto ,person
#Ignazio1,Ignazio Florio,person
#Vincenzo1,Vincenzo Florio,person
#Ferdinando,Ferdinando di Borbone-Due Sicilie,person
#Ignazio1,Ignazio Florio,person
#Ignazio1,Ignazio Florio,person
#Vincenzo1,Vincenzo Florio,person
#Ignazio1,Ignazio Florio,person
#Ignazio1,Ignazio Florio,person
#Ferdinando,Ferdinando di Borbone-Due Sicilie,person
#siciliani,i siciliani,person
#siciliani,i siciliani,person
#siciliani,i siciliani,person
#siciliani,i siciliani,person
#Ignazio1,Ignazio Florio,person
#Vincenzo1,Vincenzo Florio,person
#Ignazio1,Ignazio Florio,person
#Ben,Benjamin Ingham,person
#Ben,Benjamin Ingham,person
#Ignazio1,Ignazio Florio,person
#Vincenzo1,Vincenzo Florio,person
#Ben,Benjamin Ingham,person
#Ignazio1,Ignazio Florio,person
#Ben,Benjamin Ingham,person
#Vincenzo1,Vincenzo Florio,person
#Ben,Benjamin Ingham,person
#doganiere,doganiere,person
#Vincenzo1,Vincenzo Florio,person
#doganiere,doganiere,person
#doganiere,doganiere,person
#Vincenzo1,Vincenzo Florio,person
#doganiere,doganiere,person
#Ben,Benjamin Ingham,person
#Ignazio1,Ignazio Florio,person
#Ignazio1,Ignazio Florio,person
#doganiere,doganiere,person
#Vincenzo1,Vincenzo Florio,person
#Ben,Benjamin Ingham,person
#Ben,Benjamin Ingham,person
#Ignazio1,Ignazio Florio,person
#doganiere,doganiere,person
#doganiere,doganiere,person
#Vincenzo1,Vincenzo Florio,person
#doganiere,doganiere,person
#Vincenzo1,Vincenzo Florio,person
#Ben,Benjamin Ingham,person
#Ignazio1,Ignazio Florio,person
#doganiere,doganiere,person
#Ben,Benjamin Ingham,person
#Ignazio1,Ignazio Florio,person
#Vincenzo1,Vincenzo Florio,person
#Ben,Benjamin Ingham,person
#Vincenzo1,Vincenzo Florio,person
#doganiere,doganiere,person
#Ben,Benjamin Ingham,person
#Ignazio1,Ignazio Florio,person
#Vincenzo1,Vincenzo Florio,person
#Ben,Benjamin Ingham,person
#Ben,Benjamin Ingham,person
#Ignazio1,Ignazio Florio,person
#Vincenzo1,Vincenzo Florio,person
#Ignazio1,Ignazio Florio,person
#Ben,Benjamin Ingham,person
#Vincenzo1,Vincenzo Florio,person
#Ignazio1,Ignazio Florio,person
#Vincenzo1,Vincenzo Florio,person
#Ben,Benjamin Ingham,person
#Vincenzo1,Vincenzo Florio,person
#Ben,Benjamin Ingham,person
#Ignazio1,Ignazio Florio,person
#Vincenzo1,Vincenzo Florio,person
#Vincenzo1,Vincenzo Florio,person
#Isa,Isabella Pillitteri,person
#Vincenzo1,Vincenzo Florio,person
#Isa,Isabella Pillitteri,person
#Vincenzo1,Vincenzo Florio,person
#Ignazio1,Ignazio Florio,person
#Mauri,Maurizio Reggio,person
#Ignazio1,Ignazio Florio,person
#Ignazio1,Ignazio Florio,person
#Vincenzo1,Vincenzo Florio,person
#Mauri,Maurizio Reggio,person
#Vincenzo1,Vincenzo Florio,person
#Ignazio1,Ignazio Florio,person
#Mauri,Maurizio Reggio,person
#Ignazio1,Ignazio Florio,person
#Vincenzo1,Vincenzo Florio,person
#Mauri,Maurizio Reggio,person
#Vincenzo1,Vincenzo Florio,person
#Ignazio1,Ignazio Florio,person
#Ignazio1,Ignazio Florio,person
#Vincenzo1,Vincenzo Florio,person
#Paolo,Paolo Florio,person
#mogliePaolo,Giuseppina Saffiotti Florio,person
#mogliePaolo,Giuseppina Saffiotti Florio,person
#mogliePaolo,Giuseppina Saffiotti Florio,person
#Ignazio1,Ignazio Florio,person
#Paolo,Paolo Florio,person
#Vincenzo1,Vincenzo Florio,person
#Ignazio1,Ignazio Florio,person
#mogliePaolo,Giuseppina Saffiotti Florio,person
#Vincenzo1,Vincenzo Florio,person
#Ignazio1,Ignazio Florio,person
#mogliePaolo,Giuseppina Saffiotti Florio,person
#Ignazio1,Ignazio Florio,person
#Mauri,Maurizio Reggio,person
#Vincenzo1,Vincenzo Florio,person
#Vincenzo1,Vincenzo Florio,person
#Ignazio1,Ignazio Florio,person
#Vincenzo1,Vincenzo Florio,person
#Ignazio1,Ignazio Florio,person
#Ignazio1,Ignazio Florio,person
#Mauri,Maurizio Reggio,person
#Ignazio1,Ignazio Florio,person
#Vincenzo1,Vincenzo Florio,person
#vicere,Pietro Ugo delle Favare,person
#Ignazio1,Ignazio Florio,person
#Vincenzo1,Vincenzo Florio,person
#Vincenzo1,Vincenzo Florio,person
#Ignazio1,Ignazio Florio,person
#Ignazio1,Ignazio Florio,person
#Vincenzo1,Vincenzo Florio,person
#Ignazio1,Ignazio Florio,person
#vicere,Pietro Ugo delle Favare,person
#vicere,Pietro Ugo delle Favare,person
#Ignazio1,Ignazio Florio,person
#Ignazio1,Ignazio Florio,person
#vicere,Pietro Ugo delle Favare,person
#Ignazio1,Ignazio Florio,person
#vicere,Pietro Ugo delle Favare,person
#Vincenzo1,Vincenzo Florio,person
#Vincenzo1,Vincenzo Florio,person
#Vincenzo1,Vincenzo Florio,person
#Vincenzo1,Vincenzo Florio,person
#Ignazio1,Ignazio Florio,person
#vicere,Pietro Ugo delle Favare,person
#Ignazio1,Ignazio Florio,person
#Vincenzo1,Vincenzo Florio,person
#vicere,Pietro Ugo delle Favare,person
#Mauri,Maurizio Reggio,person
#Ignazio1,Ignazio Florio,person
#Vincenzo1,Vincenzo Florio,person
#Ignazio1,Ignazio Florio,person
#Mauri,Maurizio Reggio,person
#Vincenzo1,Vincenzo Florio,person
#Saguto, Carmelo Saguto ,person
#Franci,Francesco (capo dei commessi),person
#Ignazio1,Ignazio Florio,person
#Saguto, Carmelo Saguto ,person
#Ignazio1,Ignazio Florio,person
#Vincenzo1,Vincenzo Florio,person
#Vincenzo1,Vincenzo Florio,person
#Ignazio1,Ignazio Florio,person
#Saguto, Carmelo Saguto ,person
#Ignazio1,Ignazio Florio,person
#Vincenzo1,Vincenzo Florio,person
#Saguto, Carmelo Saguto ,person
#Ignazio1,Ignazio Florio,person
#Saguto, Carmelo Saguto ,person
#Franci,Francesco (capo dei commessi),person
#Saguto, Carmelo Saguto ,person
#Saguto, Carmelo Saguto ,person
#Ignazio1,Ignazio Florio,person
#Vincenzo1,Vincenzo Florio,person
#Vincenzo1,Vincenzo Florio,person
#Ignazio1,Ignazio Florio,person
#Vincenzo1,Vincenzo Florio,person
#Saguto, Carmelo Saguto ,person
#Vincenzo1,Vincenzo Florio,person
#Saguto, Carmelo Saguto ,person
#Franci,Francesco (capo dei commessi),person
#Ignazio1,Ignazio Florio,person
#Mauri,Maurizio Reggio,person
#Vincenzo1,Vincenzo Florio,person
#Saguto, Carmelo Saguto ,person
#Vincenzo1,Vincenzo Florio,person
#Ignazio1,Ignazio Florio,person
#Mauri,Maurizio Reggio,person
#Franci,Francesco (capo dei commessi),person
#Vincenzo1,Vincenzo Florio,person
#Saguto, Carmelo Saguto ,person
#Vincenzo1,Vincenzo Florio,person
#Vincenzo1,Vincenzo Florio,person
#Saguto, Carmelo Saguto ,person
#Canzoneri,Gnazì Canzoneri ,person
#Saguto, Carmelo Saguto ,person
#Franci,Francesco (capo dei commessi),person
#Mauri,Maurizio Reggio,person
#Vincenzo1,Vincenzo Florio,person
#Ignazio1,Ignazio Florio,person
#Vincenzo1,Vincenzo Florio,person
#Vincenzo1,Vincenzo Florio,person
#Mauri,Maurizio Reggio,person
#Ignazio1,Ignazio Florio,person
#Mauri,Maurizio Reggio,person
#Ignazio1,Ignazio Florio,person
#Ignazio1,Ignazio Florio,person
#Vincenzo1,Vincenzo Florio,person
#Ignazio1,Ignazio Florio,person
#Vincenzo1,Vincenzo Florio,person
#Vincenzo1,Vincenzo Florio,person
#Ignazio1,Ignazio Florio,person
#Vincenzo1,Vincenzo Florio,person
#Vincenzo1,Vincenzo Florio,person
#Ignazio1,Ignazio Florio,person
#Vincenzo1,Vincenzo Florio,person
#Ignazio1,Ignazio Florio,person
#Vincenzo1,Vincenzo Florio,person
#Ignazio1,Ignazio Florio,person
#Vincenzo1,Vincenzo Florio,person
#Vincenzo1,Vincenzo Florio,person
#Isa,Isabella Pillitteri,person
#baronessaPilli,baronessa Pillitteri,person
#Saguto, Carmelo Saguto ,person
#Ignazio1,Ignazio Florio,person
#Vincenzo1,Vincenzo Florio,person
#Vincenzo1,Vincenzo Florio,person
#Ignazio1,Ignazio Florio,person
#Vincenzo1,Vincenzo Florio,person
#Ignazio1,Ignazio Florio,person
#Saguto, Carmelo Saguto ,person
#Ignazio1,Ignazio Florio,person
#mogliePaolo,Giuseppina Saffiotti Florio,person
#Ignazio1,Ignazio Florio,person
#mogliePaolo,Giuseppina Saffiotti Florio,person
#Paolo,Paolo Florio,person
#Ignazio1,Ignazio Florio,person
#mogliePaolo,Giuseppina Saffiotti Florio,person
#Paolo,Paolo Florio,person
#Vincenzo1,Vincenzo Florio,person
#Ignazio1,Ignazio Florio,person
#IgnazioMessina,Ignazio Messina,person
#IgnazioMessina,Ignazio Messina,person
#Mauri,Maurizio Reggio,person
#Ignazio1,Ignazio Florio,person
#IgnazioMessina,Ignazio Messina,person
#IgnazioMessina,Ignazio Messina,person
#Ignazio1,Ignazio Florio,person
#Vincenzo1,Vincenzo Florio,person
#Paolo,Paolo Florio,person
#IgnazioMessina,Ignazio Messina,person
#Ignazio1,Ignazio Florio,person
#Ignazio1,Ignazio Florio,person
#IgnazioMessina,Ignazio Messina,person
#Ignazio1,Ignazio Florio,person
#inglesi,gli inglesi,person
#IgnazioMessina,Ignazio Messina,person
#Saguto, Carmelo Saguto ,person
#Ignazio1,Ignazio Florio,person
#mogliePaolo,Giuseppina Saffiotti Florio,person
#Ignazio1,Ignazio Florio,person
#mogliePaolo,Giuseppina Saffiotti Florio,person
#Paolo,Paolo Florio,person
#Ignazio1,Ignazio Florio,person
#mogliePaolo,Giuseppina Saffiotti Florio,person
#Paolo,Paolo Florio,person
#Vincenzo1,Vincenzo Florio,person
#Ignazio1,Ignazio Florio,person
#IgnazioMessina,Ignazio Messina,person
#IgnazioMessina,Ignazio Messina,person
#Mauri,Maurizio Reggio,person
#Ignazio1,Ignazio Florio,person
#IgnazioMessina,Ignazio Messina,person
#IgnazioMessina,Ignazio Messina,person
#Ignazio1,Ignazio Florio,person
#Vincenzo1,Vincenzo Florio,person
#Paolo,Paolo Florio,person
#IgnazioMessina,Ignazio Messina,person
#Ignazio1,Ignazio Florio,person
#Ignazio1,Ignazio Florio,person
#IgnazioMessina,Ignazio Messina,person
#Ignazio1,Ignazio Florio,person
#inglesi,gli inglesi,person
#IgnazioMessina,Ignazio Messina,person
#Ignazio1,Ignazio Florio,person
#Ignazio1,Ignazio Florio,person
#Vincenzo1,Vincenzo Florio,person
#Ignazio1,Ignazio Florio,person
#Olimpia,Olimpia,person
#Olimpia,Olimpia,person
#Ignazio1,Ignazio Florio,person
#Ignazio1,Ignazio Florio,person
#Olimpia,Olimpia,person
#Ignazio1,Ignazio Florio,person
#Vincenzo1,Vincenzo Florio,person
#Olimpia,Olimpia,person
#Ignazio1,Ignazio Florio,person
#mogliePaolo,Giuseppina Saffiotti Florio,person
#Ignazio1,Ignazio Florio,person
#Olimpia,Olimpia,person
#mogliePaolo,Giuseppina Saffiotti Florio,person
#Vincenzo1,Vincenzo Florio,person
#Ignazio1,Ignazio Florio,person
#mogliePaolo,Giuseppina Saffiotti Florio,person
#Ignazio1,Ignazio Florio,person
#mogliePaolo,Giuseppina Saffiotti Florio,person
#Olimpia,Olimpia,person
#mogliePaolo,Giuseppina Saffiotti Florio,person
#Olimpia,Olimpia,person
#Ignazio1,Ignazio Florio,person
#Ignazio1,Ignazio Florio,person
#Vincenzo1,Vincenzo Florio,person
#mogliePaolo,Giuseppina Saffiotti Florio,person
#Ignazio1,Ignazio Florio,person
#Ignazio1,Ignazio Florio,person
#Ignazio1,Ignazio Florio,person
#Ignazio1,Ignazio Florio,person
#mogliePaolo,Giuseppina Saffiotti Florio,person
#Ignazio1,Ignazio Florio,person
#Vincenzo1,Vincenzo Florio,person
#Ignazio1,Ignazio Florio,person
#mogliePaolo,Giuseppina Saffiotti Florio,person
#Ignazio1,Ignazio Florio,person
#Vincenzo1,Vincenzo Florio,person
#IgnazioMessina,Ignazio Messina,person
#Ignazio1,Ignazio Florio,person
#notaioSerretta,notaio Serretta,person
#Vincenzo1,Vincenzo Florio,person
#bagnaroti,bagnaroti,person
#mogliePaolo,Giuseppina Saffiotti Florio,person
#notaioSerretta,notaio Serretta,person
#Vincenzo1,Vincenzo Florio,person
#Ignazio1,Ignazio Florio,person
#Vincenzo1,Vincenzo Florio,person
#Ignazio1,Ignazio Florio,person
#notaioSerretta,notaio Serretta,person
#MattiaBarbaro,Mattia Florio Barbaro,person
#Vincenzo1,Vincenzo Florio,person
#Vincenzo1,Vincenzo Florio,person
#notaioSerretta,notaio Serretta,person
#Vincenzo1,Vincenzo Florio,person
#Ignazio1,Ignazio Florio,person
#Vincenzo1,Vincenzo Florio,person
#Ignazio1,Ignazio Florio,person
#Ignazio1,Ignazio Florio,person
#Vincenzo1,Vincenzo Florio,person
#IgnazioMessina,Ignazio Messina,person
#mogliePaolo,Giuseppina Saffiotti Florio,person
#IgnazioMessina,Ignazio Messina,person
#Paolo,Paolo Florio,person
#Ignazio1,Ignazio Florio,person
#Bagnara,Bagnara Calabra,place
#ContrPietra,Contrada Pietraliscia,place
#Bagnara,Bagnara Calabra,place
#Calabria,Calabria,place
#Sicilia,Sicilia,place
#Bagnara,Bagnara Calabra,place
#Bagnara,Bagnara Calabra,place
#Bagnara,Bagnara Calabra,place
#ContrPietra,Contrada Pietraliscia,place
#ContrGranaro,Contrada Granaro,place
#capoMarturano,Capo Marturano,place
#Calabria,Calabria,place
#Palermo,Palermo,place
#RegnoNapoli,Regno di Napoli,place
#Francia,Francia,place
#Francia,Francia,place
#Bagnara,Bagnara Calabra,place
#RegnoNapoli,Regno di Napoli,place
#Messina,Messina,place
#Bagnara,Bagnara Calabra,place
#Palermo,Palermo,place
#Palermo,Palermo,place
#Bagnara,Bagnara Calabra,place
#Sicilia,Sicilia,place
#Palermo,Palermo,place
#Mediterraneo,Mar Mediterraneo,place
#Palermo,Palermo,place
#Bagnara,Bagnara Calabra,place
#ContrPietra,Contrada Pietraliscia,place
#ContrPietra,Contrada Pietraliscia,place
#Bagnara,Bagnara Calabra,place
#Napoli,Napoli,place
#Palermo,Palermo,place
#Bagnara,Bagnara Calabra,place
#Palermo,Palermo,place
#Bagnara,Bagnara Calabra,place
#Palermo,Palermo,place
#Venezia,Venezia,place
#Napoli,Napoli,place
#Livorno,Livorno,place
#Genova,Genova,place
#Palermo,Palermo,place
#chiesa,chiesa di Sant'Andrea degli Amalfitani,place
#Palermo,Palermo,place
#Bagnara,Bagnara Calabra,place
#Calabria,Calabria,place
#Palermo,Palermo,place
#cala,Cala di Palermo,place
#portaDoga,porta Doganella,place
#portaCalci,porta Calcina,place
#portaCarbo,porta Carbone,place
#chiesa1,chiesa di Santa Maria di Porto Salvo,place
#chiesa2,chiesa di San Mamiliano,place
#chiesa3,chiesa dell'Annunziata,place
#chiesa4,chiesa di San Giorgio dei Genovesi,place
#chiesa5,chiesa di Santa Maria di Piedigrotta,place
#castello,Castello a Mare,place
#lazzaretto,Lazzaretto,place
#montePel,monte Pellegrino,place
#Palermo,Palermo,place
#Bagnara,Bagnara Calabra,place
#Palermo,Palermo,place
#Bagnara,Bagnara Calabra,place
#Palermo,Palermo,place
#Bagnara,Bagnara Calabra,place
#Bagnara,Bagnara Calabra,place
#Bagnara,Bagnara Calabra,place
#Bagnara,Bagnara Calabra,place
#Palermo,Palermo,place
#Palermo,Palermo,place
#Palermo,Palermo,place
#portaCalci,porta Calcina,place
#Palermo,Palermo,place
#Palermo,Palermo,place
#Bagnara,Bagnara Calabra,place
#Sicilia,Sicilia,place
#chiesa6,chiesa di Santa Maria la Nova,place
#chiesa7,chiesa di San Giacomo,place
#Bagnara,Bagnara Calabra,place
#Palermo,Palermo,place
#Palermo,Palermo,place
#Palermo,Palermo,place
#pianoSG,piano San Giacomo,place
#Palermo,Palermo,place
#Calabria,Calabria,place
#Palermo,Palermo,place
#Bagnara,Bagnara Calabra,place
#Palermo,Palermo,place
#Calabria,Calabria,place
#Palermo,Palermo,place
#Palermo,Palermo,place
#Peru,Perù,place
#pianoSG,piano San Giacomo,place
#viaMaterassai,via dei Materassai,place
#castellammare,mandamento di Castellammare,place
#Mediterraneo,Mar Mediterraneo,place
#pianoSG,piano San Giacomo,place
#palazzoSteri,Palazzo Steri,place
#Bagnara,Bagnara Calabra,place
#Palermo,Palermo,place
#Palermo,Palermo,place
#pianoSG,piano San Giacomo,place
#pianoSG,piano San Giacomo,place
#Bagnara,Bagnara Calabra,place
#palazzoSteri,Palazzo Steri,place
#Bagnara,Bagnara Calabra,place
#palazzoSteri,Palazzo Steri,place
#Palermo,Palermo,place
#Palermo,Palermo,place
#cala,Cala di Palermo,place
#pianoSG,piano San Giacomo,place
#viaSSebastiano,via San Sebastiano,place
#pianoSG,piano San Giacomo,place
#cala,Cala di Palermo,place
#chiesaPiedi,chiesa di Piedigrotta,place
#castello,Castello a Mare,place
#Bagnara,Bagnara Calabra,place
#Bagnara,Bagnara Calabra,place
#Francia,Francia,place
#Inghilterra,Inghilterra,place
#Spagna,Spagna,place
#India,India,place
#Cina,Cina,place
#Peru,Perù,place
#viaMaterassai,via dei Materassai,place
#cala,Cala di Palermo,place
#Tirreno,Mar Tirreno,place
#Francia,Francia,place
#Mediterraneo,Mar Mediterraneo,place
#Palermo,Palermo,place
#Sicilia,Sicilia,place
#Mediterraneo,Mar Mediterraneo,place
#Palermo,Palermo,place
#Malta,Malta,place
#Turchia,Turchia,place
#Egitto,Egitto,place
#Tunisi,Tunisi,place
#Spagna,Spagna,place
#Peru,Perù,place
#Palermo,Palermo,place
#Palermo,Palermo,place
#Bagnara,Bagnara Calabra,place
#viaMaterassai,via dei Materassai,place
#RegnoNapoli,Regno di Napoli,place
#Sicilia,Sicilia,place
#Palermo,Palermo,place
#viaMaterassai,via dei Materassai,place
#palazzoSteri,Palazzo Steri,place
#Palermo,Palermo,place
#castellammare,mandamento di Castellammare,place
#Napoli,Napoli,place
#palazzoSteri,Palazzo Steri,place
#Palermo,Palermo,place
#Livorno,Livorno,place
#Tirreno,Mar Tirreno,place
#Palermo,Palermo,place
#Mediterraneo,Mar Mediterraneo,place
#Messina,Messina,place
#cala,Cala di Palermo,place
#vicoloNeve,vicolo della Neve,place
#viaAlloro,via dell'Alloro,place
#stradaZaga,strada dei Zagarellai,place
#viaMaterassai,via dei Materassai,place
#viaTavola,via della Tavola Tonda,place
#Marsiglia,Marsiglia,place
#Bagnara,Bagnara Calabra,place
#palazzoSteri,Palazzo Steri,place
#Palermo,Palermo,place
#Calabria,Calabria,place
#Palermo,Palermo,place
#cala,Cala di Palermo,place
#piazzaOliva,piazza Sant'Oliva,place
#Palermo,Palermo,place
#Marsala,Marsala,place
#campagna,campagna,place
#Palermo,Palermo,place
#campagna,campagna,place
#Napoli,Napoli,place
#Messina,Messina,place
#Messina,Messina,place
#Marsala,Marsala,place
#Marsala,Marsala,place
#Bagnara,Bagnara Calabra,place
#Bagnara,Bagnara Calabra,place
#campagna,campagna,place
#Bagnara,Bagnara Calabra,place
#Palermo,Palermo,place
#Marsala,Marsala,place
#Bagnara,Bagnara Calabra,place
#Palermo,Palermo,place
#viaSSebastiano,via San Sebastiano,place
#cala,Cala di Palermo,place
#chiesaPiedi,chiesa di Piedigrotta,place
#lazzaretto,Lazzaretto,place
#castello,Castello a Mare,place
#Bagnara,Bagnara Calabra,place
#Palermo,Palermo,place
#castellammare,mandamento di Castellammare,place
#Palermo,Palermo,place
#Palermo,Palermo,place
#Palermo,Palermo,place
#Mediterraneo,Mar Mediterraneo,place
#Palermo,Palermo,place
#Malta,Malta,place
#Inghilterra,Inghilterra,place
#Sicilia,Sicilia,place
#pianoSG,piano San Giacomo,place
#viaArgentieri,via degli Argentieri,place
#Palermo,Palermo,place
#palazzoSteri,Palazzo Steri,place
#Sicilia,Sicilia,place
#Inghilterra,Inghilterra,place
#Mediterraneo,Mar Mediterraneo,place
#chiesa,chiesa di Sant'Andrea degli Amalfitani,place
#Palermo,Palermo,place
#Palermo,Palermo,place
#Palermo,Palermo,place
#Palermo,Palermo,place
#pianoSG,piano San Giacomo,place
#Palermo,Palermo,place
#Bagnara,Bagnara Calabra,place
#Bagnara,Bagnara Calabra,place
#Palermo,Palermo,place
#Mistretta,Mistretta,place
#Tirreno,Mar Tirreno,place
#Bagnara,Bagnara Calabra,place
#Palermo,Palermo,place
#Palermo,Palermo,place
#Bagnara,Bagnara Calabra,place
#Bagnara,Bagnara Calabra,place
#Bagnara,Bagnara Calabra,place
#piazzaEligio,piazzetta di Sant'Eligio,place
#Bagnara,Bagnara Calabra,place
#Bagnara,Bagnara Calabra,place
#Inghilterra,Inghilterra,place
#Inghilterra,Inghilterra,place
#Inghilterra,Inghilterra,place
#Palermo,Palermo,place
#cala,Cala di Palermo,place
#viaSSebastiano,via San Sebastiano,place
#Mediterraneo,Mar Mediterraneo,place
#Sicilia,Sicilia,place
#Palermo,Palermo,place
#Palermo,Palermo,place
#Messina,Messina,place
#Messina,Messina,place
#Palermo,Palermo,place
#Messina,Messina,place
#Napoli,Napoli,place
#Palermo,Palermo,place
#Palermo,Palermo,place
#piazzaEligio,piazzetta di Sant'Eligio,place
#chiesa6,chiesa di Santa Maria la Nova,place
#piazzaEligio,piazzetta di Sant'Eligio,place
#Palermo,Palermo,place
#Inghilterra,Inghilterra,place
#Palermo,Palermo,place
#Leeds,Leeds,place
#Sicilia,Sicilia,place
#Inghilterra,Inghilterra,place
#Palermo,Palermo,place
#Sicilia,Sicilia,place
#Palermo,Palermo,place
#Palermo,Palermo,place
#Palermo,Palermo,place
#Marsiglia,Marsiglia,place
#Calabria,Calabria,place
#Bagnara,Bagnara Calabra,place
#Palermo,Palermo,place
#Sicilia,Sicilia,place
#Mistretta,Mistretta,place
#Bagnara,Bagnara Calabra,place
#Inghilterra,Inghilterra,place
#Londra,Londra,place
#Sicilia,Sicilia,place
#Sicilia,Sicilia,place
#Marsiglia,Marsiglia,place
#Palermo,Palermo,place
#Sicilia,Sicilia,place
#Palermo,Palermo,place
#Palermo,Palermo,place
#Palermo,Palermo,place
#Palermo,Palermo,place
#Napoli,Napoli,place
#Napoli,Napoli,place
#Palermo,Palermo,place
#pianoSG,piano San Giacomo,place
#Palermo,Palermo,place
#viaMaterassai,via dei Materassai,place
#Bagnara,Bagnara Calabra,place
#Napoli,Napoli,place
#Sicilia,Sicilia,place
#Sicilia,Sicilia,place
#palazzoSteri,Palazzo Steri,place
#portaDoga,porta Doganella,place
#Palermo,Palermo,place
#cala,Cala di Palermo,place
#portaDoga,porta Doganella,place
#Inghilterra,Inghilterra,place
#Palermo,Palermo,place
#Inghilterra,Inghilterra,place
#Palermo,Palermo,place
#Sicilia,Sicilia,place
#Sicilia,Sicilia,place
#Sicilia,Sicilia,place
#Palermo,Palermo,place
#Palermo,Palermo,place
#viaMaterassai,via dei Materassai,place
#Palermo,Palermo,place
#Licata,Licata,place
#Canicatti,Canicattì,place
#Marsala,Marsala,place
#Alcamo,Alcamo,place
#Girgenti,Girgenti,place
#Sicilia,Sicilia,place
#viaMaterassai,via dei Materassai,place
#viaAlloro,via dell'Alloro,place
#viaMaterassai,via dei Materassai,place
#castellammare,mandamento di Castellammare,place
#Palermo,Palermo,place
#castellammare,mandamento di Castellammare,place
#cala,Cala di Palermo,place
#Palermo,Palermo,place
#cala,Cala di Palermo,place
#Palermo,Palermo,place
#viaMaterassai,via dei Materassai,place
#viaMaterassai,via dei Materassai,place
#viaMaterassai,via dei Materassai,place
#Palermo,Palermo,place
#Bagnara,Bagnara Calabra,place
#cala,Cala di Palermo,place
#casaBagnara,casa Florio Bagnara,property
#scialle,Scialle di Giuseppina,property
#casaBagnara,casa Florio Bagnara,property
#casaBagnara,casa Florio Bagnara,property
#fedenuziale,fede nuziale di Rosa Bellantoni,property
#scialle,Scialle di Giuseppina,property
#scialle,Scialle di Giuseppina,property
#casaBagnara,casa Florio Bagnara,property
#schifazzoFB,San Francesco di Paola,property
#casaBagnara,casa Florio Bagnara,property
#putia,Aromateria,property
#putia,Aromateria,property
#casaBagnara,casa Florio Bagnara,property
#casaBagnara,casa Florio Bagnara,property
#casaBagnara,casa Florio Bagnara,property
#casaBagnara,casa Florio Bagnara,property
#casaBagnara,casa Florio Bagnara,property
#scialle,Scialle di Giuseppina,property
#casaBagnara,casa Florio Bagnara,property
#casaBagnara,casa Florio Bagnara,property
#casaBagnara,casa Florio Bagnara,property
#casaBagnara,casa Florio Bagnara,property
#schifazzoFB,San Francesco di Paola,property
#casaBagnara,casa Florio Bagnara,property
#casaBagnara,casa Florio Bagnara,property
#casaBagnara,casa Florio Bagnara,property
#casaBagnara,casa Florio Bagnara,property
#casaBagnara,casa Florio Bagnara,property
#putia,Aromateria,property
#schifazzoFB,San Francesco di Paola,property
#fedenuziale,fede nuziale di Rosa Bellantoni,property
#scialle,Scialle di Giuseppina,property
#putia,Aromateria,property
#casaPalermo1,casa Florio-via dei Materassai(Palermo),property
#casaBagnara,casa Florio Bagnara,property
#putia,Aromateria,property
#casaPalermo1,casa Florio-via dei Materassai(Palermo),property
#casaPalermo1,casa Florio-via dei Materassai(Palermo),property
#casaPalermo1,casa Florio-via dei Materassai(Palermo),property
#casaPalermo1,casa Florio-via dei Materassai(Palermo),property
#putia,Aromateria,property
#putia,Aromateria,property
#putia,Aromateria,property
#putia,Aromateria,property
#putia,Aromateria,property
#putia,Aromateria,property
#putia,Aromateria,property
#putia,Aromateria,property
#schifazzoFB,San Francesco di Paola,property
#putia,Aromateria,property
#putia,Aromateria,property
#cortice,cortice,property
#cortice,cortice,property
#putia,Aromateria,property
#cortice,cortice,property
#putia,Aromateria,property
#putia,Aromateria,property
#cortice,cortice,property
#putia,Aromateria,property
#cortice,cortice,property
#cortice,cortice,property
#cortice,cortice,property
#magazzinoMaterassai,magazzino via dei Materassai,property
#putia,Aromateria,property
#putia,Aromateria,property
#casaPalermo1,casa Florio-via dei Materassai(Palermo),property
#casaPalermo1,casa Florio-via dei Materassai(Palermo),property
#scialle,Scialle di Giuseppina,property
#scialle,Scialle di Giuseppina,property
#putia,Aromateria,property
#scialle,Scialle di Giuseppina,property
#putia,Aromateria,property
#magazzinoMaterassai,magazzino via dei Materassai,property
#putia,Aromateria,property
#magazzinoMaterassai,magazzino via dei Materassai,property
#putia,Aromateria,property
#putia,Aromateria,property
#putia,Aromateria,property
#putia,Aromateria,property
#schifazzoFB,San Francesco di Paola,property
#putia,Aromateria,property
#magazzinoMaterassai,magazzino via dei Materassai,property
#putia,Aromateria,property
#cortice,cortice,property
#putia,Aromateria,property
#casaPalermo1,casa Florio-via dei Materassai(Palermo),property
#putia,Aromateria,property
#putia,Aromateria,property
#putia,Aromateria,property
#putia,Aromateria,property
#magazzinoSteri,magazzino palazzo Steri,property
#magazzinoMaterassai,magazzino via dei Materassai,property
#cortice,cortice,property
#putia,Aromateria,property
#fedenuziale,fede nuziale di Rosa Bellantoni,property
#putia,Aromateria,property
#magazzinoSteri,magazzino palazzo Steri,property
#magazzinoMaterassai,magazzino via dei Materassai,property
#ufficioFlorio,ufficio commerciale dei Florio,property
#casaPalermo1,casa Florio-via dei Materassai(Palermo),property
#putia,Aromateria,property
#cortice,cortice,property
#putia,Aromateria,property
#putia,Aromateria,property
#putia,Aromateria,property
#ufficioFlorio,ufficio commerciale dei Florio,property
#schifazzoFB,San Francesco di Paola,property
#scialle,Scialle di Giuseppina,property
#scialle,Scialle di Giuseppina,property
#putia,Aromateria,property
#putia,Aromateria,property
#putia,Aromateria,property
#putia,Aromateria,property
#putia,Aromateria,property
#putia,Aromateria,property
#cortice,cortice,property
#putia,Aromateria,property
#putia,Aromateria,property
#ufficioFlorio,ufficio commerciale dei Florio,property
#putia,Aromateria,property
#putia,Aromateria,property
#putia,Aromateria,property
#magazzinoMaterassai,magazzino via dei Materassai,property
#magazzinoSteri,magazzino palazzo Steri,property
#cortice,cortice,property
#drogheria,drogheria Florio,property
#drogheria,drogheria Florio,property
#ufficioFlorio,ufficio commerciale dei Florio,property
#drogheria,drogheria Florio,property
#ufficioFlorio,ufficio commerciale dei Florio,property
#ufficioFlorio,ufficio commerciale dei Florio,property
#putia,Aromateria,property
#drogheria,drogheria Florio,property
#sommacco,sommacco,property
#drogheria,drogheria Florio,property
#drogheria,drogheria Florio,property
#casaPalermo1,casa Florio-via dei Materassai(Palermo),property
#scialle,Scialle di Giuseppina,property
#drogheria,drogheria Florio,property
#schifazzoFB,San Francesco di Paola,property
#schifazzoFB,San Francesco di Paola,property
#drogheria,drogheria Florio,property
#ufficioFlorio,ufficio commerciale dei Florio,property
#drogheria,drogheria Florio,property
#fedenuziale,fede nuziale di Rosa Bellantoni,property
#drogheria,drogheria Florio,property
#cortice,cortice,property
#drogheria,drogheria Florio,property
#ufficioFlorio,ufficio commerciale dei Florio,property
#drogheria,drogheria Florio,property
#drogheria,drogheria Florio,property
#casaBagnara,casa Florio Bagnara,property
#sommacco,sommacco,property
#cortice,cortice,property
#sommacco,sommacco,property
#sommacco,sommacco,property
#zolfo,zolfo,property
#zolfo,zolfo,property
#ufficioFlorio,ufficio commerciale dei Florio,property
#putia,Aromateria,property
#cortice,cortice,property
#cortice,cortice,property
#ufficioFlorio,ufficio commerciale dei Florio,property
#ufficioFlorio,ufficio commerciale dei Florio,property
#cortice,cortice,property
#cortice,cortice,property
#cortice,cortice,property
#cortice,cortice,property
#drogheria,drogheria Florio,property
#magazzinoMaterassai,magazzino via dei Materassai,property
#cortice,cortice,property
#tritacortice,macchina trita cortice,property
#cortice,cortice,property
#cortice,cortice,property
#tritacortice,macchina trita cortice,property
#fedenuziale,fede nuziale di Rosa Bellantoni,property
#drogheria,drogheria Florio,property
#china,china in polvere,property
#drogheria,drogheria Florio,property
#drogheria,drogheria Florio,property
#ufficioFlorio,ufficio commerciale dei Florio,property
#cortice,cortice,property
#tritacortice,macchina trita cortice,property
#china,china in polvere,property
#ufficioFlorio,ufficio commerciale dei Florio,property
#china,china in polvere,property
#Assunta,"schooner ""Assunta""",property
#china,china in polvere,property
#drogheria,drogheria Florio,property
#drogheria,drogheria Florio,property
#cortice,cortice,property
#china,china in polvere,property
#tritacortice,macchina trita cortice,property
#tritacortice,macchina trita cortice,property
#drogheria,drogheria Florio,property
#drogheria,drogheria Florio,property
#ufficioFlorio,ufficio commerciale dei Florio,property
#tonnaraArenella,tonnara dell'Arenella,property
#tonnaraArenella,tonnara dell'Arenella,property
#tonnaraArenella,tonnara dell'Arenella,property
#tonnaraArenella,tonnara dell'Arenella,property
#putia,Aromateria,property
#drogheria,drogheria Florio,property
