Source,Target
#mogliePaolo,#mogliePaolo
#mogliePaolo,#Vincenzo1
#Vincenzo1,#Vincenzo1
#mogliePaolo,#mogliePaolo
#Olimpia,#Olimpia
#Olimpia,#Vincenzo1
#Olimpia,#mogliePaolo
#mogliePaolo,#mogliePaolo
#mogliePaolo,#Vincenzo1
#mogliePaolo,#mogliePaolo
#mogliePaolo,#Vincenzo1
#Vincenzo1,#Vincenzo1
#Vincenzo1,#IgnazioMessina
#Vincenzo1,#cala
#Vincenzo1,#drogheria
#Vincenzo1,#Vincenzo1
#Vincenzo1,#IgnazioMessina
#Vincenzo1,#Vincenzo1
#Vincenzo1,#Anna
#pirati,#pirati
#pirati,#Brasile
#IgnazioMessina,#IgnazioMessina
#IgnazioMessina,#pirati
#Vincenzo1,#Vincenzo1
#Vincenzo1,#pirati
#Vincenzo1,#Anna
#Miloro,#Miloro
#Miloro,#IgnazioMessina
#Miloro,#Vincenzo1
#Miloro,#Brasile
#Miloro,#Miloro
#Miloro,#Vincenzo1
#Miloro,#americani
#Miloro,#Ben
#Miloro,#USA
#IgnazioMessina,#IgnazioMessina
#IgnazioMessina,#Palermo
#Vincenzo1,#Vincenzo1
#Vincenzo1,#Ignazio1
#Vincenzo1,#fedenuziale
#IgnazioMessina,#IgnazioMessina
#IgnazioMessina,#Vincenzo1
#tonnaraArenella,#tonnaraArenella
#Ignazio1,#Ignazio1
#Ignazio1,#Vincenzo1
#Ignazio1,#palermitani
#Ignazio1,#Palermo
#Ignazio1,#casaFlorio
#Ignazio1,#tonnaraSNic
#Ignazio1,#tonnaraMaria
#Ignazio1,#tonnaraFemmine
#Vincenzo1,#Vincenzo1
#Vincenzo1,#Ignazio1
#Vincenzo1,#tonnaraArenella
#Ignazio1,#Ignazio1
#Vincenzo1,#Vincenzo1
#Vincenzo1,#tonnaraArenella
#IgnazioMessina,#IgnazioMessina
#IgnazioMessina,#Vincenzo1
#Vincenzo1,#Vincenzo1
#Vincenzo1,#IgnazioMessina
#barone,#barone
#barone,#IgnazioMessina
#barone,#barone
#barone,#Vincenzo1
#barone,#tonnaraArenella
#barone,#barone
#barone,#tonnaraArenella
#Vincenzo1,#Vincenzo1
#Vincenzo1,#IgnazioMessina
#Vincenzo1,#Vincenzo1
#Vincenzo1,#IgnazioMessina
#Vincenzo1,#barone
#barone,#barone
#barone,#servitore
#barone,#factotum
#barone,#barone
#barone,#Vincenzo1
#Vincenzo1,#Vincenzo1
#Vincenzo1,#IgnazioMessina
#Vincenzo1,#Vincenzo1
#Vincenzo1,#factotum
#Vincenzo1,#barone
#Vincenzo1,#Vincenzo1
#Vincenzo1,#barone
#barone,#barone
#barone,#Vincenzo1
#IgnazioMessina,#IgnazioMessina
#factotum,#factotum
#factotum,#barone
#factotum,#IgnazioMessina
#IgnazioMessina,#IgnazioMessina
#barone,#barone
#Vincenzo1,#Vincenzo1
#Vincenzo1,#IgnazioMessina
#IgnazioMessina,#IgnazioMessina
#barone,#barone
#barone,#Vincenzo1
#barone,#factotum
#factotum,#factotum
#factotum,#IgnazioMessina
#Vincenzo1,#Vincenzo1
#notaioTamajo,#notaioTamajo
#Vincenzo1,#Vincenzo1
#barone,#barone
#barone,#Vincenzo1
#notaioTamajo,#notaioTamajo
#notaioTamajo,#barone
#barone,#barone
#barone,#Vincenzo1
#Vincenzo1,#Vincenzo1
#Vincenzo1,#barone
#Vincenzo1,#Vincenzo1
#notaioTamajo,#notaioTamajo
#notaioTamajo,#barone
#barone,#barone
#barone,#barone
#Vincenzo1,#Vincenzo1
#Vincenzo1,#IgnazioMessina
#Vincenzo1,#factotum
#IgnazioMessina,#IgnazioMessina
#Vincenzo1,#Vincenzo1
#Vincenzo1,#barone
#Vincenzo1,#Vincenzo1
#Vincenzo1,#barone
#Vincenzo1,#Vincenzo1
#Vincenzo1,#barone
#mogliePaolo,#mogliePaolo
#mogliePaolo,#casaPalermo53
#viaMaterassai,#viaMaterassai
#viaMaterassai,#casaPalermo53
#Vincenzo1,#Vincenzo1
#Vincenzo1,#PeppeC
#Vincenzo1,#Vincenzo1
#Vincenzo1,#cala
#Vincenzo1,#casaPalermo53
#mogliePaolo,#mogliePaolo
#mogliePaolo,#cameriere
#Vincenzo1,#Vincenzo1
#Vincenzo1,#mogliePaolo
#mogliePaolo,#mogliePaolo
#mogliePaolo,#Vincenzo1
#mogliePaolo,#Bagnara
#Vincenzo1,#Vincenzo1
#Vincenzo1,#casaPalermo53
#mogliePaolo,#mogliePaolo
#Vincenzo1,#Vincenzo1
#Vincenzo1,#mogliePaolo
#Vincenzo1,#Vincenzo1
#Vincenzo1,#casaPalermo53
#Vincenzo1,#Vincenzo1
#mogliePaolo,#mogliePaolo
#mogliePaolo,#viaMaterassai
#mogliePaolo,#pianoSG
#mogliePaolo,#pianoSG
#Ignazio1,#Ignazio1
#Vincenzo1,#Vincenzo1
#Vincenzo1,#mogliePaolo
#Vincenzo1,#Vincenzo1
#Vincenzo1,#casaFlorio
#Ignazio1,#Ignazio1
#Ignazio1,#Vincenzo1
#mogliePaolo,#mogliePaolo
#mogliePaolo,#Vincenzo1
#mogliePaolo,#Olimpia
#mogliePaolo,#casaPalermo53
#mogliePaolo,#mogliePaolo
#mogliePaolo,#Vincenzo1
#Vincenzo1,#Vincenzo1
#mogliePaolo,#mogliePaolo
#Vincenzo1,#Vincenzo1
#Vincenzo1,#Isa
#Vincenzo1,#mogliePaolo
#calabresi,#calabresi
#calabresi,#napoletani
#calabresi,#chiesaSGio
#Vincenzo1,#Vincenzo1
#Vincenzo1,#RaffaeleBarbaro
#Vincenzo1,#Ignazio1
#Vincenzo1,#Vincenzo1
#Vincenzo1,#Vincenzo1
#Vincenzo1,#RaffaeleBarbaro
#RaffaeleBarbaro,#RaffaeleBarbaro
#RaffaeleBarbaro,#Vincenzo1
#Vincenzo1,#Vincenzo1
#Vincenzo1,#RaffaeleBarbaro
#Vincenzo1,#palazzoSteri
#MattiaBarbaro,#MattiaBarbaro
#MattiaBarbaro,#Paolo
#MattiaBarbaro,#Ignazio1
#MattiaBarbaro,#Marsala
#Vincenzo1,#Vincenzo1
#Vincenzo1,#Ignazio1
#Vincenzo1,#RaffaeleBarbaro
#Vincenzo1,#MattiaBarbaro
#Vincenzo1,#Palermo
#Paolo,#Paolo
#RaffaeleBarbaro,#RaffaeleBarbaro
#RaffaeleBarbaro,#MattiaBarbaro
#RaffaeleBarbaro,#Paolo
#RaffaeleBarbaro,#Ignazio1
#Vincenzo1,#Vincenzo1
#Vincenzo1,#Ignazio1
#Vincenzo1,#Vincenzo1
#IgnazioMessina,#IgnazioMessina
#IgnazioMessina,#mogliePaolo
#IgnazioMessina,#RaffaeleBarbaro
#IgnazioMessina,#viaMaterassai
#RaffaeleBarbaro,#RaffaeleBarbaro
#RaffaeleBarbaro,#PaoloBarbaro
#RaffaeleBarbaro,#MattiaBarbaro
#palazzoSteri,#palazzoSteri
#palazzoSteri,#viaZecca
#palazzoSteri,#viaAlloro
#Vincenzo1,#Vincenzo1
#Vincenzo1,#casaFlorio
#TP,#TP
#TP,#GP
#TP,#Milano
#TP,#Palermo
#TP,#TP
#TP,#Vincenzo1
#TP,#Palermo
#TP,#Lombardia
#Vincenzo1,#Vincenzo1
#Vincenzo1,#RaffaeleBarbaro
#Vincenzo1,#Sicilia
#Giulia,#Giulia
#Giulia,#Vincenzo1
#Vincenzo1,#Vincenzo1
#Vincenzo1,#GP
#Vincenzo1,#Giulia
#Giulia,#Giulia
#Giulia,#Vincenzo1
#Palermo,#Palermo
#TP,#TP
#TP,#Giulia
#Vincenzo1,#Vincenzo1
#Vincenzo1,#marsala
#Vincenzo1,#zolfo
#Vincenzo1,#Vincenzo1
#Vincenzo1,#zolfo
#Vincenzo1,#Vincenzo1
#Vincenzo1,#mogliePaolo
#Vincenzo1,#Vincenzo1
#mogliePaolo,#mogliePaolo
#mogliePaolo,#Vincenzo1
#Vincenzo1,#Vincenzo1
#Vincenzo1,#mogliePaolo
#Vincenzo1,#Vincenzo1
#mogliePaolo,#mogliePaolo
#Vincenzo1,#Vincenzo1
#drogheria,#drogheria
#mogliePaolo,#mogliePaolo
#Vincenzo1,#Vincenzo1
#Vincenzo1,#Vincenzo1
#Vincenzo1,#mogliePaolo
#Vincenzo1,#Isa
#mogliePaolo,#mogliePaolo
#mogliePaolo,#mogliePaolo
#Vincenzo1,#Vincenzo1
#mogliePaolo,#mogliePaolo
#baronessaPilli,#baronessaPilli
#baronessaPilli,#Vincenzo1
#Paolo,#Paolo
#Vincenzo1,#Vincenzo1
#mogliePaolo,#mogliePaolo
#mogliePaolo,#Vincenzo1
#mogliePaolo,#mogliePaolo
#Vincenzo1,#Vincenzo1
#Vincenzo1,#Vincenzo1
#Vincenzo1,#Ignazio1
#Vincenzo1,#Vincenzo1
#Paolo,#Paolo
#Vincenzo1,#Vincenzo1
#GP,#GP
#GP,#Vincenzo1
#GP,#zolfo
#baroneMorillo,#baroneMorillo
#baroneMorillo,#Vincenzo1
#baroneMorillo,#GP
#GP,#GP
#GP,#zolfo
#Antonia,#Antonia
#Antonia,#TP
#Antonia,#Antonia
#Antonia,#GP
#Antonia,#Vincenzo1
#Antonia,#zolfo
#Antonia,#Antonia
#Antonia,#Vincenzo1
#Antonia,#Giulia
#GP,#GP
#GP,#Giulia
#Giulia,#Giulia
#Giulia,#Giulia
#Giulia,#GP
#Giulia,#Vincenzo1
#Vincenzo1,#Vincenzo1
#Vincenzo1,#Giulia
#GP,#GP
#GP,#Antonia
#Antonia,#Antonia
#Antonia,#Giulia
#Antonia,#Giulia
#Antonia,#GP
#Vincenzo1,#Vincenzo1
#Vincenzo1,#Giulia
#Giulia,#Giulia
#Giulia,#Vincenzo1
#Giulia,#Giulia
#Giulia,#Antonia
#Vincenzo1,#Vincenzo1
#Vincenzo1,#Antonia
#Vincenzo1,#TP
#TP,#TP
#Giulia,#Giulia
#Giulia,#Antonia
#Giulia,#Giulia
#Giulia,#Antonia
#TP,#TP
#TP,#Antonia
#Antonia,#Antonia
#Antonia,#TP
#Antonia,#Palermo
#TP,#TP
#Giulia,#Giulia
#Giulia,#Antonietta
#TP,#TP
#Giulia,#Giulia
#Giulia,#Giulia
#Giulia,#Antonia
#Giulia,#Giulia
#Palermo,#Palermo
#Antonia,#Antonia
#Antonia,#Giulia
#Antonia,#Antonia
#Antonia,#Milano
#Antonia,#Antonia
#Antonia,#Milano
#Antonia,#Palermo
#GP,#GP
#GP,#TP
#GP,#Giulia
#GP,#Antonia
#TP,#TP
#TP,#Vincenzo1
#TP,#Palermo
#Vincenzo1,#Vincenzo1
#Vincenzo1,#TP
#Vincenzo1,#GP
#Vincenzo1,#Giulia
#Giulia,#Giulia
#Giulia,#Giulia
#Giulia,#Giulia
#Vincenzo1,#Vincenzo1
#Giulia,#Giulia
#Antonia,#Antonia
#Vincenzo1,#Vincenzo1
#Vincenzo1,#Antonia
#Vincenzo1,#TP
#Giulia,#Giulia
#Giulia,#Giulia
#Vincenzo1,#Vincenzo1
#Vincenzo1,#viaMaterassai
#Vincenzo1,#ufficioFlorio
#Vincenzo1,#Vincenzo1
#Ignazio1,#Ignazio1
#Ignazio1,#Ignazio1
#Ignazio1,#Saverio
#Saverio,#Saverio
#Saverio,#zolfo
#terreno,#terreno
#terreno,#zolfo
#Ignazio1,#Ignazio1
#Ignazio1,#Vincenzo1
#Vincenzo1,#Vincenzo1
#Vincenzo1,#zolfo
#Vincenzo1,#Vincenzo1
#Vincenzo1,#terreno
#zolfo,#zolfo
#zolfo,#casaFlorio
#Vincenzo1,#Vincenzo1
#Vincenzo1,#fedenuziale
#Ignazio1,#Ignazio1
#Ignazio1,#mogliePaolo
#Vincenzo1,#Vincenzo1
#RaffaeleBarbaro,#RaffaeleBarbaro
#RaffaeleBarbaro,#ufficioFlorio
#Vincenzo1,#Vincenzo1
#Vincenzo1,#RaffaeleBarbaro
#RaffaeleBarbaro,#RaffaeleBarbaro
#RaffaeleBarbaro,#Vincenzo1
#RaffaeleBarbaro,#Marsala
#RaffaeleBarbaro,#RaffaeleBarbaro
#RaffaeleBarbaro,#terrenoCantina
#GP,#GP
#RaffaeleBarbaro,#RaffaeleBarbaro
#RaffaeleBarbaro,#Vincenzo1
#RaffaeleBarbaro,#GP
#GP,#GP
#GP,#TP
#GP,#zolfo
#Vincenzo1,#Vincenzo1
#GP,#GP
#GP,#Vincenzo1
#GP,#RaffaeleBarbaro
#GP,#GP
#GP,#Vincenzo1
#Vincenzo1,#Vincenzo1
#Vincenzo1,#GP
#Vincenzo1,#teatro
#GP,#GP
#GP,#Giulia
#GP,#GP
#GP,#Giulia
#GP,#GP
#GP,#RaffaeleBarbaro
#GP,#ufficioFlorio
#RaffaeleBarbaro,#RaffaeleBarbaro
#Giulia,#Giulia
#Vincenzo1,#Vincenzo1
#Vincenzo1,#Giulia
#Vincenzo1,#GP
#Vincenzo1,#teatro
#Vincenzo1,#Vincenzo1
#Vincenzo1,#Palermo
#GP,#GP
#GP,#Giulia
#Vincenzo1,#Vincenzo1
#Vincenzo1,#GP
#Vincenzo1,#Giulia
#GP,#GP
#GP,#Vincenzo1
#GP,#Giulia
#Vincenzo1,#Vincenzo1
#Vincenzo1,#Giulia
#Isa,#Isa
#Isa,#mogliePaolo
#Isa,#Vincenzo1
#Giulia,#Giulia
#Giulia,#Vincenzo1
#Giulia,#Giulia
#Giulia,#Vincenzo1
#Giulia,#GP
#Vincenzo1,#Vincenzo1
#Vincenzo1,#casaPalermo53
#Vincenzo1,#Vincenzo1
#Vincenzo1,#mogliePaolo
#mogliePaolo,#mogliePaolo
#cameriere,#cameriere
#cameriere,#mogliePaolo
#Vincenzo1,#Vincenzo1
#GP,#GP
#GP,#teatro
#GP,#GP
#GP,#Giulia
#Giulia,#Giulia
#Vincenzo1,#Vincenzo1
#Vincenzo1,#GP
#Giulia,#Giulia
#Giulia,#Vincenzo1
#Giulia,#Giulia
#Giulia,#TP
#Giulia,#Vincenzo1
#Giulia,#Giulia
#Giulia,#Giulia
#Giulia,#GP
#Giulia,#TP
#Giulia,#Antonia
#Giulia,#Vincenzo1
#GP,#GP
#duchessaAle,#duchessaAle
#duchessaAle,#Ben
#GP,#GP
#GP,#Giulia
#Vincenzo1,#Vincenzo1
#GP,#GP
#Giulia,#Giulia
#Giulia,#GP
#Giulia,#teatro
#GP,#GP
#GP,#Vincenzo1
#GP,#Giulia
#GP,#GP
#Vincenzo1,#Vincenzo1
#Vincenzo1,#Giulia
#Giulia,#Giulia
#GP,#GP
#Giulia,#Giulia
#GP,#GP
#Vincenzo1,#Vincenzo1
#Vincenzo1,#Giulia
#Giulia,#Giulia
#Giulia,#GP
#Giulia,#Vincenzo1
#GP,#GP
#Giulia,#Giulia
#Giulia,#Vincenzo1
#Giulia,#Giulia
#Giulia,#Vincenzo1
#Vincenzo1,#Vincenzo1
#Vincenzo1,#Giulia
#Giulia,#Giulia
#Giulia,#Vincenzo1
#Giulia,#Giulia
#Vincenzo1,#Vincenzo1
#Vincenzo1,#Giulia
#Vincenzo1,#Vincenzo1
#Vincenzo1,#Giulia
#Vincenzo1,#GP
#GP,#GP
#Marsala,#Marsala
#Marsala,#Egadi
#Vincenzo1,#Vincenzo1
#RaffaeleBarbaro,#RaffaeleBarbaro
#Vincenzo1,#Vincenzo1
#cantina,#cantina
#RaffaeleBarbaro,#RaffaeleBarbaro
#RaffaeleBarbaro,#Woodhouse
#RaffaeleBarbaro,#Ben
#RaffaeleBarbaro,#marsala
#Palermo,#Palermo
#Vincenzo1,#Vincenzo1
#Vincenzo1,#RaffaeleBarbaro
#RaffaeleBarbaro,#RaffaeleBarbaro
#RaffaeleBarbaro,#RaffaeleBarbaro
#RaffaeleBarbaro,#societ√†BarbaroFlorio
#RaffaeleBarbaro,#casaFlorio
#Vincenzo1,#Vincenzo1
#RaffaeleBarbaro,#RaffaeleBarbaro
#RaffaeleBarbaro,#terrenoCantina
#RaffaeleBarbaro,#casaFlorio
#RaffaeleBarbaro,#RaffaeleBarbaro
#RaffaeleBarbaro,#Vincenzo1
#RaffaeleBarbaro,#Marsala
#RaffaeleBarbaro,#Palermo
#cantina,#cantina
#inglesi,#inglesi
#inglesi,#RaffaeleBarbaro
#inglesi,#Vincenzo1
#inglesi,#Marsala
#Vincenzo1,#Vincenzo1
#Vincenzo1,#RaffaeleBarbaro
#Vincenzo1,#Francia
#Vincenzo1,#Piemonte
#Vincenzo1,#cantina
#Vincenzo1,#Vincenzo1
#Vincenzo1,#Palermo
#GP,#GP
#Vincenzo1,#Vincenzo1
#Vincenzo1,#Giulia
#Vincenzo1,#Vincenzo1
#Vincenzo1,#Giulia
#Vincenzo1,#Vincenzo1
#Vincenzo1,#Giulia
#Giulia,#Giulia
#Giulia,#Vincenzo1
#Giulia,#Giulia
#Giulia,#Giulia
#Giulia,#Antonia
#Giulia,#GP
#Giulia,#Vincenzo1
#Giulia,#casaPortalupi
#Giulia,#cassaro
#Vincenzo1,#Vincenzo1
#Vincenzo1,#TP
#Vincenzo1,#Antonietta
#Vincenzo1,#Giulia
#Vincenzo1,#casaPortalupi
#Vincenzo1,#zolfo
#Giulia,#Giulia
#Giulia,#Vincenzo1
#Giulia,#Giulia
#Giulia,#Vincenzo1
#Giulia,#Giulia
#TP,#TP
#TP,#Giulia
#Vincenzo1,#Vincenzo1
#Vincenzo1,#Giulia
#Giulia,#Giulia
#Giulia,#Palermo
#Giulia,#castellammare
#Giulia,#Giulia
#Giulia,#Vincenzo1
#GP,#GP
#GP,#Vincenzo1
#GP,#Giulia
#TP,#TP
#TP,#Vincenzo1
#TP,#TP
#TP,#Vincenzo1
#TP,#Napoli
#TP,#Marsiglia
#TP,#Piemonte
#TP,#Lombardia
#TP,#zolfo
#zolfo,#zolfo
#zolfo,#casaFlorio
#zolfo,#marsala
#Vincenzo1,#Vincenzo1
#TP,#TP
#TP,#Vincenzo1
#TP,#inglesi
#TP,#marsala
#Vincenzo1,#Vincenzo1
#Vincenzo1,#Ben
#Vincenzo1,#Woodhouse
#Vincenzo1,#zolfo
#Vincenzo1,#sommacco
#Vincenzo1,#marsala
#TP,#TP
#Giulia,#Giulia
#Giulia,#Antonia
#Vincenzo1,#Vincenzo1
#Vincenzo1,#Antonia
#Vincenzo1,#Giulia
#Vincenzo1,#Vincenzo1
#Vincenzo1,#casaPortalupi
#Vincenzo1,#palazzoSteri
#Giulia,#Giulia
#Giulia,#Antonia
#Vincenzo1,#Vincenzo1
#Vincenzo1,#palazzoSteri
#Giulia,#Giulia
#Giulia,#cassaro
#Giulia,#Giulia
#Giulia,#Vincenzo1
#Vincenzo1,#Vincenzo1
#Giulia,#Giulia
#Giulia,#Giulia
#Giulia,#Giulia
#Giulia,#Vincenzo1
#TP,#TP
#TP,#TP
#Giulia,#Giulia
#Giulia,#Vincenzo1
#TP,#TP
#Giulia,#Giulia
#Giulia,#Vincenzo1
#Giulia,#viaZeccaRegia
#Vincenzo1,#Vincenzo1
#Vincenzo1,#Giulia
#Vincenzo1,#Vincenzo1
#Vincenzo1,#Giulia
#Vincenzo1,#viaChiavettieri
#Vincenzo1,#Vincenzo1
#Giulia,#Giulia
#Giulia,#Vincenzo1
#Vincenzo1,#Vincenzo1
#Vincenzo1,#Giulia
#Vincenzo1,#Vincenzo1
#Vincenzo1,#casaPortalupi
#Vincenzo1,#Vincenzo1
#Vincenzo1,#Giulia
#Vincenzo1,#Vincenzo1
#Vincenzo1,#Giulia
#Giulia,#Giulia
#Giulia,#Vincenzo1
#Giulia,#Giulia
#Giulia,#Vincenzo1
#Giulia,#Giulia
#GP,#GP
#GP,#Giulia
#Antonia,#Antonia
#Antonia,#GP
#Antonia,#Giulia
#Giulia,#Giulia
#Vincenzo1,#Vincenzo1
#Giulia,#Giulia
#Vincenzo1,#Vincenzo1
#Vincenzo1,#Vincenzo1
#Vincenzo1,#Giulia
#Vincenzo1,#Vincenzo1
#Giulia,#Giulia
#Vincenzo1,#Vincenzo1
#Vincenzo1,#Giulia
#TP,#TP
#TP,#Vincenzo1
#GP,#GP
#GP,#Giulia
#Antonia,#Antonia
#Antonia,#Giulia
#Antonia,#TP
#Antonia,#GP
#Antonia,#Antonia
#Antonia,#Antonietta
#Vincenzo1,#Vincenzo1
#Giulia,#Giulia
#Giulia,#Palermo
#Giulia,#Giulia
#Giulia,#cassaro
#Giulia,#castellammare
#Giulia,#pianoSG
#viaMaterassai,#viaMaterassai
#viaMaterassai,#drogheria
#Vincenzo1,#Vincenzo1
#drogheria,#drogheria
#Vincenzo1,#Vincenzo1
#Vincenzo1,#Giulia
#Antonia,#Antonia
#GP,#GP
#Giulia,#Giulia
#Giulia,#GP
#GP,#GP
#GP,#ufficioFlorio
#Giulia,#Giulia
#Vincenzo1,#Vincenzo1
#Giulia,#Giulia
#Vincenzo1,#Vincenzo1
#Vincenzo1,#Giulia
#Giulia,#Giulia
#Vincenzo1,#Vincenzo1
#Vincenzo1,#Giulia
#Vincenzo1,#Vincenzo1
#Giulia,#Giulia
#Giulia,#GP
#Giulia,#Vincenzo1
#GP,#GP
#GP,#Spilateri
#Vincenzo1,#Vincenzo1
#Vincenzo1,#Giulia
#Vincenzo1,#GP
#Vincenzo1,#Spilateri
#Vincenzo1,#Vincenzo1
#Vincenzo1,#Giulia
#Giulia,#Giulia
#GP,#GP
#GP,#Giulia
#GP,#Vincenzo1
#GP,#GP
#GP,#Giulia
#GP,#Vincenzo1
#Giulia,#Giulia
#Giulia,#Giulia
#Vincenzo1,#Vincenzo1
#Vincenzo1,#GP
#Vincenzo1,#TP
#Giulia,#Giulia
#Giulia,#Vincenzo1
#Giulia,#GP
#Giulia,#casaPortalupi
#Giulia,#Giulia
#Giulia,#GP
#Antonia,#Antonia
#Antonia,#TP
#Antonia,#Giulia
#Antonia,#Milano
#Giulia,#Giulia
#Vincenzo1,#Vincenzo1
#Vincenzo1,#Vincenzo1
#Vincenzo1,#casaPortalupi
#Giulia,#Giulia
#Giulia,#Antonia
#Giulia,#Giulia
#Vincenzo1,#Vincenzo1
#Vincenzo1,#Giulia
#TP,#TP
#GP,#GP
#GP,#Giulia
#Vincenzo1,#Vincenzo1
#Vincenzo1,#GP
#GP,#GP
#GP,#Vincenzo1
#GP,#Giulia
#Vincenzo1,#Vincenzo1
#Vincenzo1,#Giulia
#TP,#TP
#TP,#Giulia
#Vincenzo1,#Vincenzo1
#Vincenzo1,#TP
#Vincenzo1,#GP
#Vincenzo1,#Giulia
#Giulia,#Giulia
#GP,#GP
#Giulia,#Giulia
#Giulia,#GP
#Giulia,#Vincenzo1
#Giulia,#TP
#Vincenzo1,#Vincenzo1
#Vincenzo1,#Giulia
#Giulia,#Giulia
#Giulia,#Vincenzo1
#Giulia,#GP
#Giulia,#Palermo
#GP,#GP
#TP,#TP
#TP,#GP
#TP,#Palermo
#TP,#Sicilia
#Giulia,#Giulia
#TP,#TP
#TP,#Vincenzo1
#TP,#Giulia
#Vincenzo1,#Vincenzo1
#Vincenzo1,#Giulia
#Giulia,#Giulia
#Giulia,#Vincenzo1
#Antonia,#Antonia
#Antonia,#TP
#Antonia,#GP
#Vincenzo1,#Vincenzo1
#casaGiulia,#casaGiulia
#Giulia,#Giulia
#Giulia,#Vincenzo1
#Giulia,#casaGiulia
#casaGiulia,#casaGiulia
#Vincenzo1,#Vincenzo1
#Vincenzo1,#Giulia
#Giulia,#Giulia
#Giulia,#Vincenzo1
#Giulia,#Giulia
#Giulia,#Giulia
#Giulia,#casaGiulia
#cameriere,#cameriere
#cameriere,#casaPalermo53
#Vincenzo1,#Vincenzo1
#Giulia,#Giulia
#mogliePaolo,#mogliePaolo
#mogliePaolo,#Vincenzo1
#Vincenzo1,#Vincenzo1
#mogliePaolo,#mogliePaolo
#mogliePaolo,#Vincenzo1
#mogliePaolo,#Giulia
#Vincenzo1,#Vincenzo1
#Vincenzo1,#mogliePaolo
#mogliePaolo,#mogliePaolo
#mogliePaolo,#mogliePaolo
#Bagnara,#Bagnara
#mogliePaolo,#mogliePaolo
#mogliePaolo,#Vincenzo1
#mogliePaolo,#Giulia
#Vincenzo1,#Vincenzo1
#Vincenzo1,#Vincenzo1
#Giulia,#Giulia
#Giulia,#mogliePaolo
#mogliePaolo,#mogliePaolo
#mogliePaolo,#Ignazio1
#Vincenzo1,#Vincenzo1
#Vincenzo1,#Giulia
#Vincenzo1,#Vincenzo1
#Vincenzo1,#Giulia
#Vincenzo1,#viaZeccaRegia
#Vincenzo1,#casaPortalupi
#Vincenzo1,#casaGiulia
#Ben,#Ben
#Ben,#duchessaAle
#Giulia,#Giulia
#Giulia,#Giulia
#Giulia,#TP
#Giulia,#Antonia
#Vincenzo1,#Vincenzo1
#GP,#GP
#GP,#Giulia
#GP,#casaPortalupi
#Giulia,#Giulia
#Giulia,#Giulia
#Giulia,#Vincenzo1
#Vincenzo1,#Vincenzo1
#Giulia,#Giulia
#Vincenzo1,#Vincenzo1
#Giulia,#Giulia
#Giulia,#Giulia
#Giulia,#Vincenzo1
#Giulia,#Giulia
#Giulia,#Vincenzo1
#Vincenzo1,#Vincenzo1
#Giulia,#Giulia
#Giulia,#Giulia
#Giulia,#Giulia
#Giulia,#Vincenzo1
#Vincenzo1,#Vincenzo1
#Vincenzo1,#Giulia
#Vincenzo1,#Vincenzo1
#mogliePaolo,#mogliePaolo
#Giulia,#Giulia
#Giulia,#mogliePaolo
#Giulia,#Giulia
#Giulia,#Vincenzo1
#Giulia,#Giulia
#Giulia,#Vincenzo1
#Vincenzo1,#Vincenzo1
#Vincenzo1,#casaGiulia
#Giulia,#Giulia
#Vincenzo1,#Vincenzo1
#Vincenzo1,#Giulia
#Giulia,#Giulia
#Giulia,#Antonia
#Giulia,#Giulia
#Antonia,#Antonia
#Antonia,#Antonia
#Antonia,#Antonia
#Antonia,#Giulia
#Antonia,#TP
#Antonia,#GP
#Giulia,#Giulia
#Antonia,#Antonia
#Giulia,#Giulia
#Giulia,#Giulia
#Giulia,#Vincenzo1
#Giulia,#Antonia
#Giulia,#GP
#Palermo,#Palermo
#Antonia,#Antonia
#Antonia,#Antonia
#Antonia,#GP
#Giulia,#Giulia
#Giulia,#GP
#Giulia,#Vincenzo1
#Giulia,#Giulia
#Giulia,#Vincenzo1
#Giulia,#mogliePaolo
#Antonia,#Antonia
#Antonia,#Vincenzo1
#Antonia,#Giulia
#GP,#GP
#GP,#Giulia
#GP,#Genova
#GP,#Milano
#GP,#Palermo
#Vincenzo1,#Vincenzo1
#Giulia,#Giulia
#TP,#TP
#Giulia,#Giulia
#Antonia,#Antonia
#Antonia,#Giulia
#Vincenzo1,#Vincenzo1
#Vincenzo1,#Giulia
#GP,#GP
#Vincenzo1,#Vincenzo1
#Vincenzo1,#Antonia
#Vincenzo1,#Giulia
#Ben,#Ben
#Ben,#Vincenzo1
#Ben,#TP
#Ben,#Genova
#TP,#TP
#TP,#Vincenzo1
#Giulia,#Giulia
#Giulia,#Vincenzo1
#Giulia,#Palermo
#Giulia,#Giulia
#Giulia,#Antonia
#Giulia,#Giulia
#Giulia,#Vincenzo1
#Giulia,#Giulia
#Giulia,#Giulia
#Giulia,#Giulia
#Giulia,#Vincenzo1
#Giulia,#Giulia
#Giulia,#Vincenzo1
#Vincenzo1,#Vincenzo1
#Vincenzo1,#Palermo
#Vincenzo1,#tonnaraMaria
#mogliePaolo,#mogliePaolo
#mogliePaolo,#Giulia
#Giulia,#Giulia
#Giulia,#Giulia
#Vincenzo1,#Vincenzo1
#Vincenzo1,#Giulia
#Giulia,#Giulia
#Giulia,#Vincenzo1
#Palermo,#Palermo
#tonnaraArenella,#tonnaraArenella
#principeCastel,#principeCastel
#principeCastel,#Vincenzo1
#principeCastel,#priore
#principeCastel,#tonnaraArenella
#Vincenzo1,#Vincenzo1
#Vincenzo1,#Carlo
#principeCastel,#principeCastel
#principeCastel,#Vincenzo1
#Carlo,#Carlo
#Angelina,#Angelina
#Angelina,#Vincenzo1
#Carlo,#Carlo
#Carlo,#Roma
#Vincenzo1,#Vincenzo1
#Vincenzo1,#Carlo
#Carlo,#Carlo
#Carlo,#Luigi
#Carlo,#Parigi
#Carlo,#Veneto
#Carlo,#Carlo
#Carlo,#Vincenzo1
#Carlo,#Carlo
#Carlo,#Palermo
#Vincenzo1,#Vincenzo1
#Vincenzo1,#tonnaraArenella
#Carlo,#Carlo
#Carlo,#Vincenzo1
#Carlo,#tonnaraArenella
#Vincenzo1,#Vincenzo1
#Vincenzo1,#Avellone
#Vincenzo1,#tonnaraArenella
#Vincenzo1,#villaSLorenzo
#Carlo,#Carlo
#Carlo,#Carlo
#Vincenzo1,#Vincenzo1
#Carlo,#Carlo
#Carlo,#Europa
#Carlo,#Roma
#Carlo,#Palermo
#RaffaeleBarbaro,#RaffaeleBarbaro
#RaffaeleBarbaro,#Marsala
#RaffaeleBarbaro,#cantina
#Vincenzo1,#Vincenzo1
#Vincenzo1,#Palermo
#Carlo,#Carlo
#Carlo,#ducaCumia
#Carlo,#villaSLorenzo
#Vincenzo1,#Vincenzo1
#Vincenzo1,#Carlo
#Vincenzo1,#Carlo
#Carlo,#Carlo
#Carlo,#Vincenzo1
#Vincenzo1,#Vincenzo1
#Carlo,#Carlo
#Carlo,#Carlo
#Carlo,#ducaCumia
#Carlo,#Avellone
#Carlo,#Vincenzo1
#Carlo,#villaSLorenzo
#Carlo,#Carlo
#Carlo,#Carlo
#Vincenzo1,#Vincenzo1
#Vincenzo1,#drogheria
#Vincenzo1,#ufficioFlorio
#Vincenzo1,#Vincenzo1
#Vincenzo1,#Ben
#Vincenzo1,#viaMaterassai
#Giulia,#Giulia
#Giulia,#Angelina
#Vincenzo1,#Vincenzo1
#Vincenzo1,#mogliePaolo
#mogliePaolo,#mogliePaolo
#mogliePaolo,#ufficioFlorio
#mogliePaolo,#mogliePaolo
#mogliePaolo,#Giulia
#mogliePaolo,#mogliePaolo
#mogliePaolo,#Giulia
#mogliePaolo,#Vincenzo1
#mogliePaolo,#mogliePaolo
#mogliePaolo,#Vincenzo1
#mogliePaolo,#mogliePaolo
#mogliePaolo,#Giulia
#mogliePaolo,#mogliePaolo
#mogliePaolo,#Giulia
#Vincenzo1,#Vincenzo1
#Vincenzo1,#Giulia
#Vincenzo1,#mogliePaolo
#Vincenzo1,#Vincenzo1
#Giulia,#Giulia
#Giulia,#Vincenzo1
#Giulia,#Giulia
#Giulia,#Giulia
#Giulia,#Vincenzo1
#fedenuziale,#fedenuziale
#casaGiulia,#casaGiulia
#Giulia,#Giulia
#Giulia,#Giuseppina
#Giulia,#prete
#Giulia,#GP
#Giulia,#Angelina
#Giulia,#casaGiulia
#Giulia,#Giulia
#Giulia,#Vincenzo1
#prete,#prete
#prete,#Giulia
#Angelina,#Angelina
#Angelina,#Giuseppina
#Angelina,#Vincenzo1
#Angelina,#Giulia
#prete,#prete
#Angelina,#Angelina
#GP,#GP
#GP,#Angelina
#GP,#Giulia
#GP,#Giuseppina
#Giulia,#Giulia
#Giulia,#Antonia
#prete,#prete
#prete,#Giuseppina
#Giulia,#Giulia
#Giulia,#Giuseppina
#prete,#prete
#prete,#Giulia
#prete,#Antonia
#prete,#Vincenzo1
#Vincenzo1,#Vincenzo1
#Vincenzo1,#casaGiulia
#Giulia,#Giulia
#GP,#GP
#prete,#prete
#prete,#Giuseppina
#Giuseppina,#Giuseppina
#Giuseppina,#Giulia
#Giuseppina,#GP
#Giuseppina,#Lucia
#prete,#prete
#prete,#Vincenzo1
#GP,#GP
#Giuseppina,#Giuseppina
#Giuseppina,#Angelina
#Giulia,#Giulia
#Giulia,#Giuseppina
#Giulia,#Giulia
#Vincenzo1,#Vincenzo1
#Vincenzo1,#Giulia
#Vincenzo1,#Giuseppina
#Giulia,#Giulia
#Giulia,#Giuseppina
#Vincenzo1,#Vincenzo1
#Vincenzo1,#GP
#Vincenzo1,#Angelina
#Vincenzo1,#Giulia
#Angelina,#Angelina
#Angelina,#Giulia
#Angelina,#Vincenzo1
#Giulia,#Giulia
#Giulia,#Giuseppina
#Giulia,#Giulia
#Giulia,#prete
#Giulia,#GP
#prete,#prete
#Giulia,#Giulia
#Giulia,#GP
#Giulia,#Vincenzo1
#Giulia,#Giulia
#Giulia,#GP
#Giulia,#Giulia
#Giulia,#GP
#GP,#GP
#GP,#Angelina
#Giulia,#Giulia
#Vincenzo1,#Vincenzo1
#Vincenzo1,#GP
#Vincenzo1,#Angelina
#Giulia,#Giulia
#Giulia,#Giuseppina
#Giulia,#Giulia
#Giulia,#Giuseppina
#Giulia,#Vincenzo1
#Giulia,#Giulia
#Giulia,#Vincenzo1
#Giulia,#mogliePaolo
#Vincenzo1,#Vincenzo1
#Vincenzo1,#Vincenzo1
#Vincenzo1,#Giulia
#Vincenzo1,#mogliePaolo
#Vincenzo1,#Vincenzo1
#Giulia,#Giulia
#Giulia,#Giuseppina
#Giulia,#Vincenzo1
#Giulia,#mogliePaolo
#Giulia,#Giulia
#Giulia,#mogliePaolo
#Vincenzo1,#Vincenzo1
#Vincenzo1,#Giulia
#Giuseppina,#Giuseppina
#Vincenzo1,#Vincenzo1
#Vincenzo1,#Giulia
#Giulia,#Giulia
#Vincenzo1,#Vincenzo1
#Vincenzo1,#Giulia
#Vincenzo1,#mogliePaolo
#Vincenzo1,#Vincenzo1
#Giulia,#Giulia
#Giuseppina,#Giuseppina
#Giuseppina,#Giulia
#Vincenzo1,#Vincenzo1
#Vincenzo1,#Giulia
#Giulia,#Giulia
#Giulia,#Vincenzo1
#Vincenzo1,#Vincenzo1
#Vincenzo1,#Giulia
#Giulia,#Giulia
#Giulia,#Vincenzo1
#Giulia,#Giulia
#Giulia,#Angelina
#Giulia,#Antonia
#Giulia,#GP
#Giulia,#Giulia
#Giulia,#Vincenzo1
#Vincenzo1,#Vincenzo1
#Vincenzo1,#casaGiulia
#Giulia,#Giulia
#Giulia,#Vincenzo1
#Giulia,#casaGiulia
#Vincenzo1,#Vincenzo1
#Vincenzo1,#Giuseppina
#Vincenzo1,#Giulia
#Giulia,#Giulia
#Giulia,#Angelina
#Giulia,#Lucia
#Vincenzo1,#Vincenzo1
#Vincenzo1,#Giuseppina
#Vincenzo1,#Vincenzo1
#Vincenzo1,#Giulia
#Giulia,#Giulia
#Giulia,#Vincenzo1
#Giulia,#Giulia
#Vincenzo1,#Vincenzo1
#Vincenzo1,#Vincenzo1
#Vincenzo1,#Giulia
#Vincenzo1,#mogliePaolo
#Giulia,#Giulia
#Giulia,#Vincenzo1
#Vincenzo1,#Vincenzo1
#Vincenzo1,#Giulia
#Vincenzo1,#Vincenzo1
#Vincenzo1,#Giulia
#Giulia,#Giulia
#Giulia,#Giulia
#Giulia,#Giuseppina
#Giuseppina,#Giuseppina
#Giuseppina,#Antonia
#Giuseppina,#Angelina
#mogliePaolo,#mogliePaolo
#mogliePaolo,#pianoSG
#Giulia,#Giulia
#Giulia,#mogliePaolo
#Giulia,#viaMaterassai
#mogliePaolo,#mogliePaolo
#mogliePaolo,#Giuseppina
#mogliePaolo,#Giulia
#Giulia,#Giulia
#Giulia,#Giulia
#Giulia,#mogliePaolo
#mogliePaolo,#mogliePaolo
#mogliePaolo,#mogliePaolo
#mogliePaolo,#Giuseppina
#Giuseppina,#Giuseppina
#Giuseppina,#Vincenzo1
#mogliePaolo,#mogliePaolo
#mogliePaolo,#Giuseppina
#mogliePaolo,#Vincenzo1
#Giulia,#Giulia
#Giulia,#Giuseppina
#Giulia,#Vincenzo1
#mogliePaolo,#mogliePaolo
#mogliePaolo,#Giulia
#Giulia,#Giulia
#mogliePaolo,#mogliePaolo
#mogliePaolo,#Giulia
#Giulia,#Giulia
#Giulia,#mogliePaolo
#Vincenzo1,#Vincenzo1
#Vincenzo1,#Giulia
#mogliePaolo,#mogliePaolo
#mogliePaolo,#Giulia
#Vincenzo1,#Vincenzo1
#mogliePaolo,#mogliePaolo
#mogliePaolo,#Vincenzo1
#mogliePaolo,#mogliePaolo
#mogliePaolo,#Giulia
#Vincenzo1,#Vincenzo1
#Vincenzo1,#viaMaterassai
#Vincenzo1,#Vincenzo1
#Giulia,#Giulia
#Giulia,#Vincenzo1
#Giulia,#cassaro
#Vincenzo1,#Vincenzo1
#Vincenzo1,#Giulia
#Palermo,#Palermo
#Palermo,#cassaro
#Vincenzo1,#Vincenzo1
#Vincenzo1,#viaArgentieri
#Vincenzo1,#Palermo
#Giulia,#Giulia
#Giulia,#Vincenzo1
#Giulia,#viaZeccaRegia
#Vincenzo1,#Vincenzo1
#Vincenzo1,#Giulia
#Giuseppina,#Giuseppina
#Giuseppina,#Angelina
#Giuseppina,#Giulia
#Giulia,#Giulia
#Giulia,#Vincenzo1
#Vincenzo1,#Vincenzo1
#Vincenzo1,#Giulia
#Vincenzo1,#Angelina
#Vincenzo1,#Vincenzo1
#mogliePaolo,#mogliePaolo
#mogliePaolo,#Marsala
#Vincenzo1,#Vincenzo1
#Vincenzo1,#palazzoSteri
#FraGiorgio,#FraGiorgio
#FraGiorgio,#Vincenzo1
#FraGiorgio,#palazzoSteri
#Carmelo,#Carmelo
#Carmelo,#viaMaterassai
#Carmelo,#drogheria
#Vincenzo1,#Vincenzo1
#Vincenzo1,#Vincenzo1
#Vincenzo1,#Ignazio1
#Vincenzo1,#drogheria
#Vincenzo1,#Vincenzo1
#Vincenzo1,#Carmelo
#Vincenzo1,#Vincenzo1
#Vincenzo1,#Carmelo
#Vincenzo1,#Vincenzo1
#Vincenzo1,#Vincenzo1
#Vincenzo1,#Vincenzo1
#Vincenzo1,#Carmelo
#Vincenzo1,#drogheria
#Palermo,#Palermo
#Vincenzo1,#Vincenzo1
#Vincenzo1,#drogheria
#Vito,#Vito
#Vito,#Vincenzo1
#Vito,#Palermo
#Vito,#Vito
#Vito,#Vincenzo1
#Vincenzo1,#Vincenzo1
#Vincenzo1,#Angelina
#Vincenzo1,#Giuseppina
#Vincenzo1,#Giulia
#Vincenzo1,#Vincenzo1
#Vincenzo1,#Giulia
#Vincenzo1,#Angelina
#Vincenzo1,#Giuseppina
#Vincenzo1,#Monreale
#Vincenzo1,#casaColera
#Vincenzo1,#Vincenzo1
#Vincenzo1,#viaZecca
#Vincenzo1,#casaGiulia
#Vincenzo1,#Vincenzo1
#Vincenzo1,#Giulia
#Vincenzo1,#Angelina
#Angelina,#Angelina
#Angelina,#Lucia
#Angelina,#Giulia
#Vincenzo1,#Vincenzo1
#Vincenzo1,#Augusto
#Vincenzo1,#Palermo
#Vincenzo1,#tonnaraArenella
#Paolo,#Paolo
#Paolo,#Ignazio1
#Giulia,#Giulia
#Giulia,#Vincenzo1
#Giulia,#Giulia
#Vincenzo1,#Vincenzo1
#Giulia,#Giulia
#Giulia,#Vincenzo1
#Vincenzo1,#Vincenzo1
#Vincenzo1,#Giulia
#Giulia,#Giulia
#Giulia,#Vincenzo1
#Giulia,#viaZeccaRegia
#Giulia,#Palermo
#Vincenzo1,#Vincenzo1
#Vincenzo1,#Palermo
#Vincenzo1,#casaFlorio
#Carlo,#Carlo
#Carlo,#Vincenzo1
#Carlo,#Carlo
#Carlo,#Carlo
#Vincenzo1,#Vincenzo1
#Vincenzo1,#Vincenzo1
#Carlo,#Carlo
#Vincenzo1,#Vincenzo1
#Carlo,#Carlo
#Carlo,#Vincenzo1
#Carlo,#Carlo
#Carlo,#Carlo
#Giulia,#Giulia
#Giulia,#Vincenzo1
#viaMaterassai,#viaMaterassai
#viaMaterassai,#casaPalermo53
#mogliePaolo,#mogliePaolo
#Ninetta,#Ninetta
#Ninetta,#Vincenzo1
#Ninetta,#Giulia
#mogliePaolo,#mogliePaolo
#mogliePaolo,#Ninetta
#mogliePaolo,#Giulia
#Vincenzo1,#Vincenzo1
#Vincenzo1,#Ninetta
#Giulia,#Giulia
#Giulia,#Vincenzo1
#Vincenzo1,#Vincenzo1
#Vincenzo1,#Giulia
#mogliePaolo,#mogliePaolo
#Vincenzo1,#Vincenzo1
#Vincenzo1,#Giulia
#Vincenzo1,#casaGiulia
#mogliePaolo,#mogliePaolo
#Vincenzo1,#Vincenzo1
#Vincenzo1,#Vincenzo1
#Giulia,#Giulia
#Giulia,#Vincenzo1
#Giulia,#casaFlorio
#LorenzoLugaro,#LorenzoLugaro
#LorenzoLugaro,#FraGiorgio
#LorenzoLugaro,#drogheria
#LorenzoLugaro,#magazzinoMaterassai
#LorenzoLugaro,#sommacco
#RaffaeleBarbaro,#RaffaeleBarbaro
#RaffaeleBarbaro,#cantina
#RaffaeleBarbaro,#RaffaeleBarbaro
#RaffaeleBarbaro,#Vincenzo1
#Vincenzo1,#Vincenzo1
#Vincenzo1,#ufficioFlorio
#RaffaeleBarbaro,#RaffaeleBarbaro
#RaffaeleBarbaro,#Marsala
#RaffaeleBarbaro,#cantina
#LorenzoLugaro,#LorenzoLugaro
#LorenzoLugaro,#Vincenzo1
#LorenzoLugaro,#viaZeccaRegia
#Giulia,#Giulia
#Vincenzo1,#Vincenzo1
#Vincenzo1,#LorenzoLugaro
#Vincenzo1,#GP
#Vincenzo1,#TP
#Vincenzo1,#casaGiulia
#Giulia,#Giulia
#Vincenzo1,#Vincenzo1
#Vincenzo1,#Giulia
#Vincenzo1,#Angelina
#Antonia,#Antonia
#Antonia,#Vincenzo1
#Antonia,#Giulia
#Giulia,#Giulia
#Giulia,#Antonia
#Giulia,#Vincenzo1
#Antonia,#Antonia
#Antonia,#Angelina
#Antonia,#Giuseppina
#Vincenzo1,#Vincenzo1
#Giulia,#Giulia
#Vincenzo1,#Vincenzo1
#Vincenzo1,#Ignazio2
#Giulia,#Giulia
#Vincenzo1,#Vincenzo1
#Vincenzo1,#Ignazio2
#Giulia,#Giulia
#Vincenzo1,#Vincenzo1
#Ignazio1,#Ignazio1
#Giulia,#Giulia
#Giulia,#Vincenzo1
#Giulia,#Ignazio2
#Giulia,#Angelina
#Vincenzo1,#Vincenzo1
#Vincenzo1,#Ignazio2
#Giulia,#Giulia
#Giulia,#Vincenzo1
#Giulia,#Ignazio2
#Giulia,#Giulia
#Giulia,#Vincenzo1
#Giulia,#mogliePaolo
#Giulia,#Antonia
#Giulia,#Giulia
#Vincenzo1,#Vincenzo1
#Vincenzo1,#Giulia
#Vincenzo1,#Ignazio2
#Giulia,#Giulia
#Giulia,#Vincenzo1
#Giulia,#Giulia
#Giulia,#Giulia
#Giulia,#Vincenzo1
#Palermo,#Palermo
#Giulia,#Giulia
#Giulia,#casaGiulia
#Giulia,#casaPalermo53
#Vincenzo1,#Vincenzo1
#Vincenzo1,#Ignazio2
#Vincenzo1,#Angelina
#Vincenzo1,#mogliePaolo
#Vincenzo1,#Giulia
#prete,#prete
#prete,#Vincenzo1
#Giulia,#Giulia
#Ignazio2,#Ignazio2
#Ignazio2,#Giuseppina
#Ignazio2,#Angelina
#Ignazio2,#Brigitte
#Ignazio2,#Giulia
#Luisa,#Luisa
#Luisa,#Giulia
#Luisa,#Luisa
#Luisa,#mogliePaolo
#Luisa,#Giulia
#Giulia,#Giulia
#mogliePaolo,#mogliePaolo
#Giulia,#Giulia
#Giulia,#mogliePaolo
#Giulia,#Vincenzo1
#Giulia,#Giulia
#Giulia,#mogliePaolo
#mogliePaolo,#mogliePaolo
#mogliePaolo,#Giulia
#mogliePaolo,#Luisa
#mogliePaolo,#mogliePaolo
#mogliePaolo,#Giulia
#Giulia,#Giulia
#Giulia,#mogliePaolo
#pTrigona,#pTrigona
#pTrigona,#pTrabia
#pTrigona,#Bordonaro
#pTrigona,#Ben
#pTrigona,#Carlo
#pTrigona,#Vincenzo1
#Giulia,#Giulia
#Giulia,#mogliePaolo
#Giulia,#Giulia
#Giulia,#Vincenzo1
#mogliePaolo,#mogliePaolo
#mogliePaolo,#Vincenzo1
#mogliePaolo,#mogliePaolo
#Giulia,#Giulia
#Giulia,#Giulia
#Giulia,#Vincenzo1
#Giulia,#Augusto
#Giulia,#Marsiglia
#Vincenzo1,#Vincenzo1
#Vincenzo1,#mogliePaolo
#Vincenzo1,#Giulia
#Vincenzo1,#Vincenzo1
#Vincenzo1,#Giulia
#Ben,#Ben
#Ben,#Vincenzo1
#Ben,#Sicilia
#Giulia,#Giulia
#Ben,#Ben
#Ben,#duchessaAle
#Ben,#Giulia
#Ben,#socBattelli
#duchessaAle,#duchessaAle
#duchessaAle,#Vincenzo1
#duchessaAle,#Giulia
#Giulia,#Giulia
#Giulia,#Vincenzo1
#Giulia,#mogliePaolo
#Caldara,#Caldara
#Caldara,#socBattelli
#Giulia,#Giulia
#Vincenzo1,#Vincenzo1
#Vincenzo1,#Bordonaro
#Vincenzo1,#casaPalermo53
#Giulia,#Giulia
#Giulia,#Bordonaro
#Bordonaro,#Bordonaro
#Bordonaro,#Giulia
#Giulia,#Giulia
#Giulia,#Vincenzo1
#Bordonaro,#Bordonaro
#Bordonaro,#Giulia
#Vincenzo1,#Vincenzo1
#Vincenzo1,#Bordonaro
#Giulia,#Giulia
#Vincenzo1,#Vincenzo1
#Vincenzo1,#Giulia
#Vincenzo1,#pTrabia
#Vincenzo1,#pTrigona
#Vincenzo1,#Vincenzo1
#Vincenzo1,#Giulia
#Giulia,#Giulia
#Giulia,#pTrabia
#Giulia,#Palermo
#Branciforte,#Branciforte
#Branciforte,#pTrabia
#Giulia,#Giulia
#pTrigona,#pTrigona
#pTrigona,#Naselli
#pTrigona,#Branciforte
#Giulia,#Giulia
#Giulia,#Branciforte
#Naselli,#Naselli
#Branciforte,#Branciforte
#Giulia,#Giulia
#Giulia,#Vincenzo1
#pTrigona,#pTrigona
#pTrigona,#Vincenzo1
#pTrigona,#pTrabia
#pTrigona,#casaPalermo53
#Vincenzo1,#Vincenzo1
#Vincenzo1,#Vincenzo1
#Giulia,#Giulia
#Giulia,#Vincenzo1
#Giulia,#Giulia
#Giulia,#Vincenzo1
#Giulia,#Ben
#Giulia,#Giulia
#Giulia,#Vincenzo1
#Giulia,#Giulia
#Branciforte,#Branciforte
#Branciforte,#Giulia
#Branciforte,#duchessaAle
#Giulia,#Giulia
#Giulia,#Giulia
#Vincenzo1,#Vincenzo1
#Vincenzo1,#Giulia
#Branciforte,#Branciforte
#Giulia,#Giulia
#Giulia,#Vincenzo1
#Branciforte,#Branciforte
#Giulia,#Giulia
#Vincenzo1,#Vincenzo1
#duchessaAle,#duchessaAle
#duchessaAle,#Giulia
#Giulia,#Giulia
#Branciforte,#Branciforte
#Naselli,#Naselli
#Naselli,#Giulia
#Giulia,#Giulia
#Giulia,#Vincenzo1
#Caldara,#Caldara
#Caldara,#Carlo
#Caldara,#Vincenzo1
#Bordonaro,#Bordonaro
#Bordonaro,#pTrabia
#Bordonaro,#Vincenzo1
#Carlo,#Carlo
#Ben,#Ben
#Bordonaro,#Bordonaro
#Bordonaro,#pTrabia
#Bordonaro,#Ben
#Ben,#Ben
#Ben,#Vincenzo1
#pTrigona,#pTrigona
#pTrigona,#Bordonaro
#Vincenzo1,#Vincenzo1
#Vincenzo1,#socBattelli
#Vincenzo1,#Vincenzo1
#Vincenzo1,#Vincenzo1
#Vincenzo1,#marsala
#Vincenzo1,#cantina
#Ben,#Ben
#Vincenzo1,#Vincenzo1
#Vincenzo1,#Ben
#Ben,#Ben
#Ben,#duchessaAle
#Ben,#Giulia
#Ben,#Ben
#Ben,#Giulia
#Ben,#Vincenzo1
#Ben,#Ben
#Ben,#Vincenzo1
#Ben,#Marsala
#Ben,#cantina
#Vincenzo1,#Vincenzo1
#Vincenzo1,#Ben
#Vincenzo1,#Ignazio1
#Ben,#Ben
#Ben,#Ignazio1
#Ben,#Sicilia
#Ben,#Ben
#Ben,#Sicilia
#Ben,#America
#Vincenzo1,#Vincenzo1
#Carlo,#Carlo
#Carlo,#Vincenzo1
#Carlo,#Carlo
#Carlo,#Vincenzo1
#Vincenzo1,#Vincenzo1
#Vincenzo1,#Carlo
#Carlo,#Carlo
#Carlo,#Pallavicini
#Carlo,#tonnaraFavignana
#Vincenzo1,#Vincenzo1
#Vincenzo1,#Egadi
#Vincenzo1,#Vincenzo1
#Vincenzo1,#tonnaraFavignana
#Cordova,#Cordova
#Cordova,#Cordova
#Cordova,#Vincenzo1
#Cordova,#Carlo
#tonnaraFavignana,#tonnaraFavignana
#Vincenzo1,#Vincenzo1
#Vincenzo1,#Carlo
#Vincenzo1,#Pallavicini
#Vincenzo1,#tonnaraFavignana
#Vincenzo1,#Vincenzo1
#Vincenzo1,#Vincenzo1
#Vincenzo1,#Palermo
#Carlo,#Carlo
#Ernandez,#Ernandez
#Ernandez,#tonnaraFavignana
#Ernandez,#Ernandez
#Ernandez,#Cordova
#Ernandez,#Vincenzo1
#Vincenzo1,#Vincenzo1
#Vincenzo1,#Carlo
#Vincenzo1,#Ernandez
#Ernandez,#Ernandez
#Ernandez,#Vincenzo1
#Ernandez,#Carlo
#Carlo,#Carlo
#Ernandez,#Ernandez
#Ernandez,#Vincenzo1
#Vincenzo1,#Vincenzo1
#Vincenzo1,#Cordova
#Vincenzo1,#Vincenzo1
#Vincenzo1,#Cordova
#Ernandez,#Ernandez
#Vincenzo1,#Vincenzo1
#Vincenzo1,#Ernandez
#Vincenzo1,#Cordova
#Carlo,#Carlo
#Carlo,#Ernandez
#Carlo,#Vincenzo1
#Carlo,#tonnaraArenella
#Carlo,#tonnaraSNic
#Vincenzo1,#Vincenzo1
#Vincenzo1,#Cordova
#Cordova,#Cordova
#Vincenzo1,#Vincenzo1
#Vincenzo1,#tonnaraArenella
#Giulia,#Giulia
#Giulia,#Vincenzo1
#Angelina,#Angelina
#Angelina,#mogliePaolo
#Angelina,#Brigitte
#Vincenzo1,#Vincenzo1
#Vincenzo1,#Carlo
#Vincenzo1,#villaArenella
#Vincenzo1,#tonnaraArenella
#Carlo,#Carlo
#Carlo,#Vincenzo1
#Carlo,#villaArenella
#Vincenzo1,#Vincenzo1
#Vincenzo1,#Giulia
#Vincenzo1,#Angelina
#tonnaraArenella,#tonnaraArenella
#tonnaraArenella,#villaArenella
#Vincenzo1,#Vincenzo1
#Vincenzo1,#Giulia
#Brigitte,#Brigitte
#Brigitte,#mogliePaolo
#Carlo,#Carlo
#Carlo,#Giulia
#Carlo,#Vincenzo1
#Giulia,#Giulia
#Giulia,#Vincenzo1
#Vincenzo1,#Vincenzo1
#Giulia,#Giulia
#Palermo,#Palermo
#Vincenzo1,#Vincenzo1
#Vincenzo1,#Palermo
#Angelina,#Angelina
#Giulia,#Giulia
#Giulia,#Ignazio2
#mogliePaolo,#mogliePaolo
#Vincenzo1,#Vincenzo1
#Vincenzo1,#Carlo
#Vincenzo1,#villaArenella
#Carlo,#Carlo
#Carlo,#Vincenzo1
#Carlo,#Palermo
#Carlo,#villaArenella
#Carlo,#tonnaraArenella
#Vincenzo1,#Vincenzo1
#Vincenzo1,#Sgroi
#Vincenzo1,#Palermo
#Vincenzo1,#fonderia
#Carlo,#Carlo
#Carlo,#Carlo
#Carlo,#Vincenzo1
#Carlo,#fonderia
#Carlo,#Carlo
#Vincenzo1,#Vincenzo1
#Vincenzo1,#Filangeri
#Filangeri,#Filangeri
#Vincenzo1,#Vincenzo1
#Giulia,#Giulia
#Giulia,#villaArenella
#Giuseppina,#Giuseppina
#Giuseppina,#Ignazio2
#Giuseppina,#mogliePaolo
#Giuseppina,#Giulia
#Giuseppina,#Vincenzo1
#Angelina,#Angelina
#Angelina,#Giuseppina
#Angelina,#Ignazio2
#Angelina,#Brigitte
#Angelina,#Vincenzo1
#Vincenzo1,#Vincenzo1
#Vincenzo1,#mogliePaolo
#mogliePaolo,#mogliePaolo
#Vincenzo1,#Vincenzo1
#Vincenzo1,#mogliePaolo
#Vincenzo1,#villaArenella
#mogliePaolo,#mogliePaolo
#mogliePaolo,#Ignazio1
#mogliePaolo,#Bagnara
#mogliePaolo,#tonnaraArenella
#mogliePaolo,#mogliePaolo
#mogliePaolo,#Calabria
#mogliePaolo,#Bagnara
#Vincenzo1,#Vincenzo1
#Vincenzo1,#Palermo
#Vincenzo1,#villaArenella
#Vincenzo1,#Vincenzo1
#Vincenzo1,#mogliePaolo
#Giulia,#Giulia
#Vincenzo1,#Vincenzo1
#Palermo,#Palermo
#Vincenzo1,#Vincenzo1
#Ignazio1,#Ignazio1
#Ignazio1,#Paolo
#Ignazio1,#Vincenzo1
#Vincenzo1,#Vincenzo1
#tonnaraArenella,#tonnaraArenella
#tonnaraArenella,#villaArenella
#Giulia,#Giulia
#Giulia,#Giulia
#Giulia,#casaFlorio
#Ignazio2,#Ignazio2
#Ignazio2,#Giuseppina
#Ignazio2,#Angelina
#Ignazio2,#Brigitte
#Ignazio2,#Giulia
#Giulia,#Giulia
#Giulia,#Ignazio2
#Giulia,#Giulia
#Giulia,#Giulia
#Giulia,#Ignazio2
#Ignazio2,#Ignazio2
#Ignazio2,#Giulia
#Ignazio2,#Brigitte
#Giulia,#Giulia
#Giulia,#Ignazio2
#Vincenzo1,#Vincenzo1
#Vincenzo1,#villaArenella
#Giulia,#Giulia
#Giulia,#Vincenzo1
#Giulia,#Angelina
#Giulia,#Brigitte
#Giulia,#Giulia
#Giulia,#Vincenzo1
#Ignazio2,#Ignazio2
#Ignazio2,#Giulia
#Vincenzo1,#Vincenzo1
#Vincenzo1,#Giulia
#Vincenzo1,#Ignazio2
#Giulia,#Giulia
#Giulia,#Vincenzo1
#Giulia,#Ignazio2
#Vincenzo1,#Vincenzo1
#Vincenzo1,#Giulia
#Vincenzo1,#Ignazio2
#Vincenzo1,#Angelina
#Vincenzo1,#villaArenella
#Ignazio2,#Ignazio2
#Ignazio2,#Angelina
#Ignazio2,#Brigitte
#Ignazio2,#Ignazio2
#Ignazio2,#Ignazio2
#Ignazio2,#Ignazio2
#Vincenzo1,#Vincenzo1
#Vincenzo1,#Carlo
#Giulia,#Giulia
#Giulia,#Ben
#Giulia,#Palermo
#Giulia,#fonderia
#Vincenzo1,#Vincenzo1
#Vincenzo1,#Giulia
#Vincenzo1,#Carlo
#Giulia,#Giulia
#Angelina,#Angelina
#Angelina,#Giuseppina
#Angelina,#Ignazio2
#Angelina,#Angelina
#Angelina,#Brigitte
#Angelina,#Giulia
#Giulia,#Giulia
#Giulia,#Ignazio2
#Ignazio2,#Ignazio2
#Ignazio2,#Ignazio2
#Vincenzo1,#Vincenzo1
#Vincenzo1,#Giulia
#Vincenzo1,#Ignazio2
#Giulia,#Giulia
#Giulia,#Vincenzo1
#Ignazio2,#Ignazio2
#Ignazio2,#Giulia
#Ignazio2,#Vincenzo1
#Angelina,#Angelina
#Angelina,#Giuseppina
#Angelina,#Brigitte
#Angelina,#Giulia
#Angelina,#Vincenzo1
#Angelina,#Ignazio2
#Ignazio2,#Ignazio2
#Ignazio2,#Giulia
#Vincenzo1,#Vincenzo1
#Vincenzo1,#Ignazio2
#Vincenzo1,#Giulia
#Ignazio2,#Ignazio2
#Ignazio2,#Giulia
#Giulia,#Giulia
#Giulia,#Ignazio2
#Giulia,#Vincenzo1
#Angelina,#Angelina
#Angelina,#Brigitte
#Angelina,#Ignazio2
#Giulia,#Giulia
#Giulia,#Ignazio2
#Giulia,#Vincenzo1
#Angelina,#Angelina
#Angelina,#Giuseppina
#Angelina,#Ignazio2
#Giulia,#Giulia
#Giulia,#Ignazio2
#Vincenzo1,#Vincenzo1
#Vincenzo1,#Ignazio2
#Vincenzo1,#Giulia
#Vincenzo1,#Vincenzo1
#Vincenzo1,#Vincenzo1
#Vincenzo1,#Giulia
#Vincenzo1,#Vincenzo1
#Vincenzo1,#Ignazio2
#Vincenzo1,#Giulia
#mogliePaolo,#mogliePaolo
#mogliePaolo,#Giulia
#mogliePaolo,#Ignazio2
#Ignazio2,#Ignazio2
#Ignazio2,#Giulia
#Ignazio2,#Ignazio2
#Ignazio2,#Giulia
#Ignazio2,#Ignazio2
#Vincenzo1,#Vincenzo1
#Vincenzo1,#Ignazio2
#Giulia,#Giulia
#Giulia,#Ignazio2
#Giulia,#Brigitte
#Ignazio2,#Ignazio2
#Vincenzo1,#Vincenzo1
#Vincenzo1,#fonderia
#Ignazio2,#Ignazio2
#Ignazio2,#Vincenzo1
#Ignazio2,#Giulia
#Ignazio2,#Ignazio1
#Vincenzo1,#Vincenzo1
#Vincenzo1,#Ignazio2
#Vincenzo1,#Vincenzo1
#Vincenzo1,#Ignazio2
#Vincenzo1,#Vincenzo1
#Vincenzo1,#Giulia
#Vincenzo1,#Ignazio2
#Palermo,#Palermo
#Angelina,#Angelina
#Angelina,#Giuseppina
#Angelina,#Ignazio2
#Ignazio2,#Ignazio2
#Ignazio2,#Giulia
#Giulia,#Giulia
#Ignazio2,#Ignazio2
#Giulia,#Giulia
#GP,#GP
#GP,#Antonia
#GP,#Giulia
#GP,#Palermo
#FerdinandoII,#FerdinandoII
#FerdinandoII,#napoletani
#FerdinandoII,#siciliani
#FerdinandoII,#Borbone
#FerdinandoII,#austriaci
#FerdinandoII,#Milano
#Giulia,#Giulia
#Giulia,#Milano
#Giulia,#Palermo
#Giulia,#Sicilia
#GP,#GP
#GP,#Vincenzo1
#GP,#Palermo
#Giulia,#Giulia
#GP,#GP
#GP,#Giulia
#GP,#palermitani
#GP,#Borbone
#GP,#Palermo
#Giulia,#Giulia
#Giulia,#GP
#Giulia,#Giuseppina
#Vincenzo1,#Vincenzo1
#Vincenzo1,#Caruso
#Vincenzo1,#Caruso
#Vincenzo1,#pianoSG
#Vincenzo1,#nuovoUfficio
#Vincenzo1,#casaFlorio
#Caruso,#Caruso
#Vincenzo1,#Vincenzo1
#Caruso,#Caruso
#Caruso,#cassaro
#Vincenzo1,#Vincenzo1
#Caruso,#Caruso
#Caruso,#cala
#Vincenzo1,#Vincenzo1
#Vincenzo1,#drogheria
#Vincenzo1,#Vincenzo1
#Vincenzo1,#viaBambinai
#Vincenzo1,#drogheria
#Vincenzo1,#fonderia
#Borbone,#Borbone
#Vincenzo1,#Vincenzo1
#Vincenzo1,#portaSG
#Vincenzo1,#fonderia
#Palermo,#Palermo
#Ignazio2,#Ignazio2
#Giulia,#Giulia
#Giulia,#Ignazio2
#Giulia,#Vincenzo1
#Vincenzo1,#Vincenzo1
#Vincenzo1,#Ignazio2
#Vincenzo1,#Angelina
#Borbone,#Borbone
#Borbone,#DeMajo
#Borbone,#FerdinandoII
#Borbone,#palermitani
#Borbone,#Palermo
#Borbone,#PalazzoReale
#Borbone,#PalazzoFinanze
#Borbone,#Noviziato
#Giulia,#Giulia
#Giulia,#Giulia
#Giulia,#Angelina
#Ignazio2,#Ignazio2
#Ignazio2,#mogliePaolo
#Vincenzo1,#Vincenzo1
#Vincenzo1,#Carlo
#Giulia,#Giulia
#Giulia,#Vincenzo1
#Vincenzo1,#Vincenzo1
#Vincenzo1,#mogliePaolo
#Vincenzo1,#Giulia
#Vincenzo1,#Angelina
#Giulia,#Giulia
#Giulia,#Angelina
#Ignazio2,#Ignazio2
#Ignazio2,#Giulia
#Ignazio2,#Angelina
#Ignazio2,#Vincenzo1
#Ignazio2,#mogliePaolo
#Vincenzo1,#Vincenzo1
#Vincenzo1,#mogliePaolo
#Vincenzo1,#Vincenzo1
#Vincenzo1,#Vincenzo1
#Vincenzo1,#Vincenzo1
#Vincenzo1,#Michele
#Vincenzo1,#Vincenzo1
#Vincenzo1,#Michele
#Vincenzo1,#Vincenzo1
#Palermo,#Palermo
#Giulia,#Giulia
#Giulia,#Vincenzo1
#Giulia,#Giulia
#Giulia,#Palermo
#Giulia,#Giulia
#Giulia,#Vincenzo1
#Michele,#Michele
#Michele,#Vincenzo1
#Masa,#Masa
#Masa,#Michele
#Masa,#Masa
#Masa,#Michele
#Masa,#Vincenzo1
#Vincenzo1,#Vincenzo1
#Vincenzo1,#Giulia
#Vincenzo1,#Masa
#Vincenzo1,#Vincenzo1
#Vincenzo1,#Masa
#Giulia,#Giulia
#Giulia,#Masa
#Vincenzo1,#Vincenzo1
#Vincenzo1,#Giulia
#Vincenzo1,#GP
#Giulia,#Giulia
#Giulia,#Giulia
#Michele,#Michele
#Michele,#Vincenzo1
#Masa,#Masa
#Masa,#Masa
#Masa,#Vincenzo1
#Masa,#napoletani
#Masa,#Giulia
#Masa,#Palermo
#Masa,#Sicilia
#Vincenzo1,#Vincenzo1
#Masa,#Masa
#Masa,#Vincenzo1
#Masa,#Sicilia
#Palermo,#Palermo
#Palermo,#Noviziato
#Palermo,#portaFelice
#Palermo,#cassaro
#Palermo,#PalazzoReale
#Giulia,#Giulia
#Giulia,#Vincenzo1
#Vincenzo1,#Vincenzo1
#Vincenzo1,#Giulia
#Giulia,#Giulia
#Giulia,#Masa
#Giulia,#Pilo
#Giulia,#Settimo
#Giulia,#Vincenzo1
#Giulia,#Sicilia
#Vincenzo1,#Vincenzo1
#Vincenzo1,#Borbone
#Giulia,#Giulia
#Giulia,#Vincenzo1
#Settimo,#Settimo
#Settimo,#Calvi
#Settimo,#socBattelli
#Settimo,#ilPalermo
#Giulia,#Giulia
#Vincenzo1,#Vincenzo1
#Vincenzo1,#Giulia
#Vincenzo1,#FerdinandoII
#Vincenzo1,#napoletani
#Vincenzo1,#Palermo
#Vincenzo1,#Vincenzo1
#Vincenzo1,#napoletani
#Vincenzo1,#Bordonaro
#Vincenzo1,#Sicilia
#Giulia,#Giulia
#Giulia,#Vincenzo1
#Vincenzo1,#Vincenzo1
#Vincenzo1,#Giulia
#Ignazio2,#Ignazio2
#Ignazio2,#villaArenella
#Ignazio2,#Ignazio2
#Ignazio2,#casaPalermo53
#Ignazio2,#villaArenella
#Borbone,#Borbone
#Borbone,#Vincenzo1
#Borbone,#Ignazio2
#Borbone,#Palermo
#Vincenzo1,#Vincenzo1
#Vincenzo1,#Independant
#Vincenzo1,#compagniaNavigazione
#Vincenzo1,#socBattelli
#Vincenzo1,#Vincenzo1
#Vincenzo1,#Giulia
#Vincenzo1,#Independant
#Ignazio2,#Ignazio2
#Ignazio2,#Giulia
#Vincenzo1,#Vincenzo1
#Vincenzo1,#Ignazio2
#Ignazio2,#Ignazio2
#Ignazio2,#Vincenzo1
#Ignazio2,#Ignazio2
#Ignazio2,#Giulia
#palermitani,#palermitani
#palermitani,#Filangeri
#palermitani,#Caltanissetta
#palermitani,#Palermo
#Borbone,#Borbone
#Borbone,#napoletani
#Settimo,#Settimo
#Settimo,#Masa
#Settimo,#Palermo
#Ignazio2,#Ignazio2
#Ignazio2,#Giulia
#Vincenzo1,#Vincenzo1
#Vincenzo1,#FerdinandoII
#Vincenzo1,#Filangeri
#Vincenzo1,#Palermo
#Giulia,#Giulia
#Giulia,#Ignazio2
#Giulia,#Independant
#Giulia,#villaArenella
#Ignazio2,#Ignazio2
#Ignazio2,#Giulia
#Ignazio2,#Ignazio2
#Ignazio2,#Giulia
#Vincenzo1,#Vincenzo1
#Vincenzo1,#Ignazio2
#Vincenzo1,#Giulia
#Giuseppina,#Giuseppina
#Giuseppina,#Angelina
#Giulia,#Giulia
#Giulia,#Ignazio2
#Giuseppina,#Giuseppina
#Giuseppina,#Giulia
#Giulia,#Giulia
#Giuseppina,#Giuseppina
#Giuseppina,#Ignazio2
#Giulia,#Giulia
#Giulia,#Vincenzo1
#Giulia,#Palermo
#Ignazio2,#Ignazio2
#Ignazio2,#Angelina
#Angelina,#Angelina
#Angelina,#Ignazio2
#Angelina,#Angelina
#Angelina,#Ignazio2
#Ignazio2,#Ignazio2
#Angelina,#Angelina
#Ignazio2,#Ignazio2
#Ignazio2,#Angelina
#Ignazio2,#Vincenzo1
#Angelina,#Angelina
#Angelina,#Ignazio2
#Angelina,#Palermo
#Angelina,#Angelina
#Angelina,#Vincenzo1
#Angelina,#Ignazio2
#Ignazio2,#Ignazio2
#Angelina,#Angelina
#Angelina,#Giuseppina
#Angelina,#Ignazio2
#Angelina,#Vincenzo1
#Angelina,#Giulia
#Ignazio2,#Ignazio2
#Ignazio2,#Giulia
#Ignazio2,#Angelina
#Ignazio2,#Giuseppina
#Ignazio2,#Vincenzo1
#Ignazio2,#mogliePaolo
#Vincenzo1,#Vincenzo1
#Vincenzo1,#casaPalermo53
#Caruso,#Caruso
#Caruso,#Vincenzo1
#palermitani,#palermitani
#palermitani,#FerdinandoII
#palermitani,#Sicilia
#Vincenzo1,#Vincenzo1
#Vincenzo1,#Caruso
#Vincenzo1,#Vincenzo1
#Vincenzo1,#casaFlorio
#mogliePaolo,#mogliePaolo
#mogliePaolo,#casaPalermo53
#mogliePaolo,#mogliePaolo
#mogliePaolo,#Ignazio1
#Filangeri,#Filangeri
#Vincenzo1,#Vincenzo1
#Vincenzo1,#Filangeri
#Vincenzo1,#Vincenzo1
#Caruso,#Caruso
#Caruso,#Caruso
#Caruso,#Vincenzo1
#Caruso,#Caruso
#Caruso,#Vincenzo1
#Vincenzo1,#Vincenzo1
#Vincenzo1,#Caruso
#Vincenzo1,#PalazzoCitta
#Turrisi,#Turrisi
#Turrisi,#PalazzoCitta
#Riso,#Riso
#Riso,#Vincenzo1
#Riso,#Bordonaro
#Riso,#FerdinandoII
#Caruso,#Caruso
#Vincenzo1,#Vincenzo1
#Riso,#Riso
#Riso,#Settimo
#Riso,#Pilo
#Riso,#Masa
#Calvi,#Calvi
#Calvi,#Turrisi
#Calvi,#Vincenzo1
#Calvi,#PalazzoCitta
#Calvi,#Calvi
#Calvi,#Turrisi
#Calvi,#Calvi
#Calvi,#napoletani
#Calvi,#Sicilia
#Calvi,#Palermo
#Vincenzo1,#Vincenzo1
#Vincenzo1,#Calvi
#Calvi,#Calvi
#Calvi,#Vincenzo1
#Calvi,#Settimo
#Calvi,#Bordonaro
#Calvi,#Filangeri
#Calvi,#Palermo
#Calvi,#Calvi
#Calvi,#Vincenzo1
#Calvi,#Calvi
#Calvi,#Vincenzo1
#Calvi,#casaFlorio
#Calvi,#Calvi
#Calvi,#Vincenzo1
#Vincenzo1,#Vincenzo1
#Calvi,#Calvi
#Calvi,#Turrisi
#Calvi,#FerdinandoII
#Calvi,#Calvi
#Calvi,#palermitani
#Calvi,#PalazzoCitta
#Calvi,#Palermo
#Filangeri,#Filangeri
#Filangeri,#Palermo
#Filangeri,#Filangeri
#Filangeri,#Vincenzo1
#Filangeri,#Rossi
#Filangeri,#Filangeri
#Filangeri,#Vincenzo1
#Filangeri,#BancoRegio
#Filangeri,#Filangeri
#Rossi,#Rossi
#Rossi,#Vincenzo1
#Rossi,#BancoRegio
#Vincenzo1,#Vincenzo1
#Vincenzo1,#Rossi
#Vincenzo1,#Filangeri
#Vincenzo1,#Vincenzo1
#Vincenzo1,#Rossi
#Filangeri,#Filangeri
#Filangeri,#Vincenzo1
#Rossi,#Rossi
#Rossi,#Vincenzo1
#Rossi,#Filangeri
#Vincenzo1,#Vincenzo1
#Vincenzo1,#Vincenzo1
#Vincenzo1,#Rossi
#Vincenzo1,#Filangeri
#Filangeri,#Filangeri
#Filangeri,#Vincenzo1
#Vincenzo1,#Vincenzo1
#Vincenzo1,#Filangeri
#Filangeri,#Filangeri
#Filangeri,#Vincenzo1
#Rossi,#Rossi
#Rossi,#Rossi
#Rossi,#Vincenzo1
#Filangeri,#Filangeri
#Filangeri,#Vincenzo1
#Filangeri,#BancoRegio
#Marsala,#Marsala
#Egadi,#Egadi
#GP,#GP
#GP,#Vincenzo1
#Vincenzo1,#Vincenzo1
#Vincenzo1,#GP
#VincenzoCaruso,#VincenzoCaruso
#VincenzoCaruso,#GP
#VincenzoCaruso,#VincenzoCaruso
#VincenzoCaruso,#Caruso
#VincenzoCaruso,#Giulia
#VincenzoCaruso,#Palermo
#VincenzoCaruso,#casaFlorio
#Ignazio2,#Ignazio2
#casapadro,#casapadro
#VincenzoCaruso,#VincenzoCaruso
#VincenzoCaruso,#casapadro
#Ben,#Ben
#Ben,#Woodhouse
#Ben,#VincenzoCaruso
#GP,#GP
#Vincenzo1,#Vincenzo1
#GP,#GP
#Vincenzo1,#Vincenzo1
#Vincenzo1,#GP
#Vincenzo1,#cantina
#Giulia,#Giulia
#Giulia,#Giulia
#Giulia,#Vincenzo1
#Giulia,#GP
#Giulia,#cantina
#VincenzoCaruso,#VincenzoCaruso
#VincenzoCaruso,#VincenzoCaruso
#VincenzoCaruso,#casapadro
#Vincenzo1,#Vincenzo1
#Vincenzo1,#Ben
#GP,#GP
#GP,#Ben
#GP,#Vincenzo1
#GP,#GP
#Vincenzo1,#Vincenzo1
#Vincenzo1,#Rossi
#GP,#GP
#GP,#Vincenzo1
#VincenzoCaruso,#VincenzoCaruso
#VincenzoCaruso,#Vincenzo1
#GP,#GP
#GP,#VincenzoCaruso
#GP,#GP
#GP,#Vincenzo1
#GP,#GP
#GP,#Vincenzo1
#Rossi,#Rossi
#Rossi,#Vincenzo1
#VincenzoCaruso,#VincenzoCaruso
#VincenzoCaruso,#Vincenzo1
#GP,#GP
#GP,#GP
#GP,#VincenzoCaruso
#GP,#Vincenzo1
#Vincenzo1,#Vincenzo1
#Vincenzo1,#casapadro
#Marsala,#Marsala
#Marsala,#Francia
#Marsala,#marsala
#RaffaeleBarbaro,#RaffaeleBarbaro
#RaffaeleBarbaro,#RaffaeleBarbaro
#RaffaeleBarbaro,#Vincenzo1
#RaffaeleBarbaro,#cantina
#Vincenzo1,#Vincenzo1
#Vincenzo1,#RaffaeleBarbaro
#Vincenzo1,#casaFlorio
#RaffaeleBarbaro,#RaffaeleBarbaro
#RaffaeleBarbaro,#Vincenzo1
#RaffaeleBarbaro,#cantina
#RaffaeleBarbaro,#RaffaeleBarbaro
#RaffaeleBarbaro,#RaffaeleBarbaro
#RaffaeleBarbaro,#Vincenzo1
#RaffaeleBarbaro,#RaffaeleBarbaro
#RaffaeleBarbaro,#Vincenzo1
#RaffaeleBarbaro,#cantina
#RaffaeleBarbaro,#RaffaeleBarbaro
#RaffaeleBarbaro,#cantina
#RaffaeleBarbaro,#RaffaeleBarbaro
#RaffaeleBarbaro,#Vincenzo1
#RaffaeleBarbaro,#cantina
#Vincenzo1,#Vincenzo1
#Vincenzo1,#RaffaeleBarbaro
#Vincenzo1,#Ben
#Vincenzo1,#Woodhouse
#RaffaeleBarbaro,#RaffaeleBarbaro
#RaffaeleBarbaro,#RaffaeleBarbaro
#RaffaeleBarbaro,#RaffaeleBarbaro
#RaffaeleBarbaro,#Marsala
#Vincenzo1,#Vincenzo1
#Vincenzo1,#RaffaeleBarbaro
#Vincenzo1,#Carlo
#Vincenzo1,#Ben
#MattiaBarbaro,#MattiaBarbaro
#MattiaBarbaro,#PaoloBarbaro
#MattiaBarbaro,#mogliePaolo
#MattiaBarbaro,#Vincenzo1
#MattiaBarbaro,#Bagnara
#Vincenzo1,#Vincenzo1
#Vincenzo1,#casaFlorio
#Vincenzo1,#Vincenzo1
#Vincenzo1,#Giulia
#Vincenzo1,#Vincenzo1
#Vincenzo1,#casaPalermo53
#mogliePaolo,#mogliePaolo
#mogliePaolo,#mogliePaolo
#mogliePaolo,#Vincenzo1
#mogliePaolo,#Giulia
#mogliePaolo,#mogliePaolo
#mogliePaolo,#Giulia
#Vincenzo1,#Vincenzo1
#Vincenzo1,#Giulia
#Vincenzo1,#mogliePaolo
#Bagnara,#Bagnara
#Bagnara,#scialle
#mogliePaolo,#mogliePaolo
#mogliePaolo,#Ignazio1
#mogliePaolo,#scialle
#mogliePaolo,#fedenuziale
#Vincenzo1,#Vincenzo1
#Vincenzo1,#Giulia
#Vincenzo1,#mogliePaolo
#Favignana,#Favignana
#Vincenzo1,#Vincenzo1
#Vincenzo1,#Ignazio2
#Mediterraneo,#Mediterraneo
#Mediterraneo,#tonnaraFavignana
#Ignazio2,#Ignazio2
#Ignazio2,#Vincenzo1
#Ignazio2,#Ignazio2
#Ignazio2,#Vincenzo1
#Ignazio2,#Favignana
#Ignazio2,#nuovoUfficio
#Ignazio2,#cantina
#Ignazio2,#Ignazio2
#Ignazio2,#Vincenzo1
#Ignazio2,#Favignana
#Ignazio2,#Palermo
#Caruso,#Caruso
#Caruso,#Vincenzo1
#Caruso,#tonnaraFavignana
#Ignazio2,#Ignazio2
#Ignazio2,#Vincenzo1
#Ignazio2,#Giulia
#Vincenzo1,#Vincenzo1
#Caruso,#Caruso
#Caruso,#Caruso
#Caruso,#Vincenzo1
#Caruso,#Ignazio2
#Ignazio2,#Ignazio2
#Ignazio2,#Vincenzo1
#Vincenzo1,#Vincenzo1
#Vincenzo1,#Carlo
#Vincenzo1,#Favignana
#Vincenzo1,#Palermo
#Vincenzo1,#tonnaraFavignana
#Ignazio2,#Ignazio2
#Ignazio2,#Vincenzo1
#Ignazio2,#Ignazio1
#Ignazio2,#fedenuziale
#Ignazio2,#drogheria
#Ignazio2,#Ignazio2
#Ignazio2,#Favignana
#Ignazio2,#Ignazio2
#Ignazio2,#Favignana
#Ignazio2,#Ignazio2
#Ignazio2,#Favignana
#Giulia,#Giulia
#Giuseppina,#Giuseppina
#Giuseppina,#Vincenzo1
#Giuseppina,#Giuseppina
#Giulia,#Giulia
#Giulia,#Vincenzo1
#Angelina,#Angelina
#Angelina,#Vincenzo1
#Giulia,#Giulia
#Giulia,#Vincenzo1
#Vincenzo1,#Vincenzo1
#Vincenzo1,#Angelina
#Giulia,#Giulia
#Giulia,#Angelina
#Giulia,#Giuseppina
#Giuseppina,#Giuseppina
#Giuseppina,#Angelina
#Bordonaro,#Bordonaro
#Bordonaro,#Angelina
#Bordonaro,#Vincenzo1
#Angelina,#Angelina
#Angelina,#Giuseppina
#Angelina,#Ignazio2
#Angelina,#Angelina
#Angelina,#Giuseppina
#Angelina,#Vincenzo1
#Giuseppina,#Giuseppina
#Giuseppina,#Vincenzo1
#Giuseppina,#Ignazio2
#Giuseppina,#Giulia
#Giuseppina,#Angelina
#Vincenzo1,#Vincenzo1
#Giulia,#Giulia
#Giulia,#Angelina
#Giulia,#Vincenzo1
#Giulia,#Giulia
#Giulia,#Angelina
#Vincenzo1,#Vincenzo1
#Giulia,#Giulia
#Giulia,#Vincenzo1
#Vincenzo1,#Vincenzo1
#Vincenzo1,#Giulia
#Bordonaro,#Bordonaro
#Bordonaro,#Vincenzo1
#Bordonaro,#Angelina
#Angelina,#Angelina
#Angelina,#Vincenzo1
#Angelina,#Giulia
#Angelina,#Palermo
#Angelina,#casaFlorio
#Giulia,#Giulia
#Giulia,#Vincenzo1
#Giulia,#Giulia
#Giulia,#Angelina
#Giulia,#Giuseppina
#Giulia,#Ignazio2
#Giulia,#casaFlorio
#Angelina,#Angelina
#Angelina,#Giulia
#Vincenzo1,#Vincenzo1
#Vincenzo1,#Giulia
#Vincenzo1,#Vincenzo1
#Vincenzo1,#Giulia
#Vincenzo1,#Angelina
#Vincenzo1,#Giuseppina
#Vincenzo1,#casaFlorio
#Vincenzo1,#Vincenzo1
#Vincenzo1,#Giulia
#Giulia,#Giulia
#Giulia,#Vincenzo1
#Vincenzo1,#Vincenzo1
#Vincenzo1,#Giulia
#Giulia,#Giulia
#Giulia,#Giulia
#Giulia,#Vincenzo1
#Giulia,#Angelina
#Giulia,#casaFlorio
#Vincenzo1,#Vincenzo1
#Ignazio2,#Ignazio2
#Ignazio2,#casaFlorio
#Giulia,#Giulia
#Vincenzo1,#Vincenzo1
#Filangeri,#Filangeri
#Filangeri,#Rossi
#Vincenzo1,#Vincenzo1
#Rossi,#Rossi
#Rossi,#Vincenzo1
#Rossi,#BancoRegio
#Vincenzo1,#Vincenzo1
#Vincenzo1,#BancoRegio
#Rossi,#Rossi
#Rossi,#Rossi
#Rossi,#Rossi
#Rossi,#Vincenzo1
#Rossi,#Rossi
#Rossi,#Vincenzo1
#Vincenzo1,#Vincenzo1
#Rossi,#Rossi
#Rossi,#Vincenzo1
#Vincenzo1,#Vincenzo1
#Rossi,#Rossi
#Rossi,#Vincenzo1
#Vincenzo1,#Vincenzo1
#Vincenzo1,#Rossi
#Rossi,#Rossi
#Rossi,#Vincenzo1
#Rossi,#Rossi
#Vincenzo1,#Vincenzo1
#Filangeri,#Filangeri
#Vincenzo1,#Vincenzo1
#Vincenzo1,#Palermo
#Palermo,#Palermo
#Ignazio2,#Ignazio2
#Vincenzo1,#Vincenzo1
#Vincenzo1,#Ignazio2
#Ignazio2,#Ignazio2
#Ignazio2,#Vincenzo1
#Ignazio2,#Giulia
#Vincenzo1,#Vincenzo1
#Vincenzo1,#Ignazio2
#Vincenzo1,#Giulia
#Ignazio2,#Ignazio2
#Ignazio2,#Giulia
#Ignazio2,#Giuseppina
#Ignazio2,#Ignazio2
#Ignazio2,#casaFlorio
#Vincenzo1,#Vincenzo1
#Vincenzo1,#Ignazio2
#Ignazio2,#Ignazio2
#Ignazio2,#villaArenella
#Ignazio2,#Ignazio2
#Ignazio2,#Giulia
#Ignazio2,#Ignazio2
#Ignazio2,#Ignazio1
#Ignazio2,#mogliePaolo
#Ignazio2,#Vincenzo1
#Ignazio2,#drogheria
#Ignazio2,#Ignazio2
#Ignazio2,#Vincenzo1
#Ignazio2,#Ignazio2
#Ignazio2,#Vincenzo1
#Ignazio2,#Ignazio2
#Ignazio2,#palermitani
#Ignazio2,#Sicilia
#Ignazio2,#Palermo
#Ignazio2,#Ignazio2
#Ignazio2,#Angelina
#Ignazio2,#Giuseppina
#Vincenzo1,#Vincenzo1
#Vincenzo1,#Ignazio2
#Ignazio2,#Ignazio2
#Ignazio2,#Ignazio2
#Ignazio2,#Vincenzo1
#Ignazio2,#Ignazio2
#Ignazio2,#Ignazio2
#Ignazio2,#Vincenzo1
#Ignazio2,#Ignazio2
#Ignazio2,#Vincenzo1
#Vincenzo1,#Vincenzo1
#Vincenzo1,#Ignazio2
#Ignazio2,#Ignazio2
#Ignazio2,#Vincenzo1
#Ignazio2,#Ignazio2
#Ignazio2,#Vincenzo1
#Ignazio2,#Ignazio2
#Vincenzo1,#Vincenzo1
#Vincenzo1,#Rossi
#Cassisi,#Cassisi
#Cassisi,#Filangeri
#Rossi,#Rossi
#Rossi,#Vincenzo1
#Rossi,#Cassisi
#Rossi,#Filangeri
#Rossi,#Napoli
#Cassisi,#Cassisi
#Cassisi,#Vincenzo1
#Vincenzo1,#Vincenzo1
#Cassisi,#Cassisi
#Cassisi,#Filangeri
#Vincenzo1,#Vincenzo1
#Vincenzo1,#Cassisi
#Cassisi,#Cassisi
#Vincenzo1,#Vincenzo1
#Vincenzo1,#Cassisi
#Cassisi,#Cassisi
#Cassisi,#Vincenzo1
#Cassisi,#Rossi
#Vincenzo1,#Vincenzo1
#Vincenzo1,#Borbone
#Vincenzo1,#FerdinandoII
#Vincenzo1,#casaFlorio
#Cassisi,#Cassisi
#Filangeri,#Filangeri
#Cassisi,#Cassisi
#Vincenzo1,#Vincenzo1
#Vincenzo1,#Cassisi
#Cassisi,#Cassisi
#Vincenzo1,#Vincenzo1
#Vincenzo1,#Rossi
#DePace,#DePace
#DePace,#Angelina
#DePace,#Giuseppina
#Giulia,#Giulia
#Giulia,#Angelina
#Giulia,#Vincenzo1
#Vincenzo1,#Vincenzo1
#Vincenzo1,#madreLuigi
#Vincenzo1,#Giulia
#madreLuigi,#madreLuigi
#madreLuigi,#DePace
#Vincenzo1,#Vincenzo1
#Giulia,#Giulia
#Giulia,#Angelina
#Giulia,#DePace
#Angelina,#Angelina
#Angelina,#Giulia
#Angelina,#Angelina
#Angelina,#Giulia
#Giulia,#Giulia
#Angelina,#Angelina
#Angelina,#Giulia
#Angelina,#Vincenzo1
#Angelina,#Giuseppina
#Giulia,#Giulia
#Giulia,#Vincenzo1
#Angelina,#Angelina
#Angelina,#Vincenzo1
#Angelina,#Giulia
#Angelina,#Giuseppina
#Angelina,#Ignazio2
#Giulia,#Giulia
#Giulia,#Angelina
#DePace,#DePace
#DePace,#Angelina
#DePace,#Giulia
#Ignazio2,#Ignazio2
#Ignazio2,#DePace
#Ignazio2,#Angelina
#Angelina,#Angelina
#Angelina,#Ignazio2
#Angelina,#Vincenzo1
#Vincenzo1,#Vincenzo1
#Vincenzo1,#Giulia
#Ignazio2,#Ignazio2
#Ignazio2,#Vincenzo1
#Carlo,#Carlo
#Carlo,#Ignazio2
#Carlo,#Vincenzo1
#Carlo,#Carlo
#Carlo,#Vincenzo1
#Carlo,#Ignazio2
#Vincenzo1,#Vincenzo1
#Vincenzo1,#Carlo
#Vincenzo1,#mulino
#Vincenzo1,#tonnaraArenella
#Vincenzo1,#casaFlorio
#Giulia,#Giulia
#Giulia,#mulino
#Giulia,#villaArenella
#Angelina,#Angelina
#Angelina,#DePace
#Ignazio2,#Ignazio2
#Ignazio2,#Vincenzo1
#Giuseppina,#Giuseppina
#Giuseppina,#Ignazio2
#Giuseppina,#Giulia
#Ignazio2,#Ignazio2
#Ignazio2,#Giuseppina
#Ignazio2,#Ignazio2
#Ignazio2,#Giuseppina
#Giuseppina,#Giuseppina
#Giuseppina,#Giuseppina
#Giuseppina,#mogliePaolo
#Giuseppina,#Paolo
#Ignazio2,#Ignazio2
#Ignazio2,#Vincenzo1
#Ignazio2,#Giulia
#Giuseppina,#Giuseppina
#Giuseppina,#Ignazio2
#Vincenzo1,#Vincenzo1
#Augusto,#Augusto
#Augusto,#Bordonaro
#Augusto,#Ben
#Augusto,#Whitaker
#Augusto,#SalvatoreDePace
#Vincenzo1,#Vincenzo1
#Vincenzo1,#villaArenella
#pTrabia,#pTrabia
#pTrabia,#Vincenzo1
#Angelina,#Angelina
#Angelina,#DePace
#pTrabia,#pTrabia
#pTrabia,#compagniaNavigazione
#Vincenzo1,#Vincenzo1
#Vincenzo1,#pTrabia
#napoletani,#napoletani
#napoletani,#ilPalermo
#Vincenzo1,#Vincenzo1
#Vincenzo1,#Glasgow
#Vincenzo1,#Mediterraneo
#Vincenzo1,#corriere
#Vincenzo1,#privativa
#Vincenzo1,#Vincenzo1
#pTrabia,#pTrabia
#pTrabia,#FerdinandoII
#pTrabia,#Vincenzo1
#pTrabia,#Napoli
#pTrabia,#Sicilia
#pTrabia,#Palermo
#pTrabia,#privativa
#pTrabia,#pTrabia
#pTrabia,#Vincenzo1
#pTrabia,#villaArenella
#pTrabia,#pTrabia
#Vincenzo1,#Vincenzo1
#Vincenzo1,#privativa
#pTrabia,#pTrabia
#pTrabia,#Vincenzo1
#pTrabia,#villaArenella
#Borbone,#Borbone
#Borbone,#privativa
#Borbone,#compagniaNavigazione
#Ignazio2,#Ignazio2
#Ignazio2,#Vincenzo1
#Ignazio2,#Ignazio2
#Ignazio2,#Giulia
#Ignazio2,#Giuseppina
#Ignazio2,#Marsiglia
#Ignazio2,#Ignazio2
#Ignazio2,#Giuseppina
#Ignazio2,#Giulia
#Ignazio2,#Vincenzo1
#Ignazio2,#Palermo
#Ignazio2,#casaFlorio
#Vincenzo1,#Vincenzo1
#Vincenzo1,#Giulia
#Ignazio2,#Ignazio2
#Ignazio2,#Vincenzo1
#Borbone,#Borbone
#Borbone,#Boccadifalco
#Borbone,#Gancia
#Borbone,#Palermo
#Borbone,#Borbone
#Vincenzo1,#Vincenzo1
#Vincenzo1,#Giulia
#Vincenzo1,#Vincenzo1
#Vincenzo1,#Camarrone
#Giulia,#Giulia
#Giulia,#Camarrone
#Borbone,#Borbone
#Borbone,#Camarrone
#Vincenzo1,#Vincenzo1
#Vincenzo1,#Vincenzo1
#Giulia,#Giulia
#Giulia,#Ignazio2
#Giulia,#Giulia
#Giulia,#Ignazio2
#Giulia,#Vincenzo1
#Palermo,#Palermo
#Palermo,#villaArenella
#Vincenzo1,#Vincenzo1
#Vincenzo1,#villaArenella
#Vincenzo1,#Vincenzo1
#Ignazio2,#Ignazio2
#Ignazio2,#Vincenzo1
#Ignazio2,#Ignazio2
#Ignazio2,#casaFlorio
#Ignazio2,#Ignazio2
#Ignazio2,#Vincenzo1
#Ignazio2,#Ignazio2
#Ignazio2,#Francia
#Vincenzo1,#Vincenzo1
#Vincenzo1,#Ignazio2
#Ignazio2,#Ignazio2
#Ignazio2,#casaFlorio
#Vincenzo1,#Vincenzo1
#Vincenzo1,#Ignazio2
#Ignazio2,#Ignazio2
#Savoia,#Savoia
#Savoia,#Borbone
#Savoia,#Sicilia
#Savoia,#Toscana
#Savoia,#Emilia
#Ignazio2,#Ignazio2
#Ignazio2,#casaFlorio
#Vincenzo1,#Vincenzo1
#mogliePaolo,#mogliePaolo
#mogliePaolo,#Giulia
#mogliePaolo,#villaArenella
#Giulia,#Giulia
#mogliePaolo,#mogliePaolo
#Giulia,#Giulia
#Giulia,#mogliePaolo
#mogliePaolo,#mogliePaolo
#mogliePaolo,#Giulia
#Giulia,#Giulia
#Giulia,#mogliePaolo
#Vincenzo1,#Vincenzo1
#Giulia,#Giulia
#Giulia,#Giuseppina
#Giulia,#Merle
#Giulia,#Angelina
#Giulia,#Marsiglia
#Giulia,#Palermo
#Ignazio2,#Ignazio2
#Ignazio2,#Giulia
#Ignazio1,#Ignazio1
#Ignazio1,#Giulia
#Ignazio1,#mogliePaolo
#Giulia,#Giulia
#Giulia,#mogliePaolo
#Giulia,#Giulia
#Giulia,#Vincenzo1
#cassaro,#cassaro
#Palermo,#Palermo
#Garibaldi,#Garibaldi
#Garibaldi,#VEmanuele
#Garibaldi,#Sicilia
#Garibaldi,#Alcamo
#Garibaldi,#Partinico
#Pilo,#Pilo
#Pilo,#Garibaldi
#Pilo,#Palermo
#Vincenzo1,#Vincenzo1
#Vincenzo1,#Ignazio2
#Palermo,#Palermo
#Garibaldi,#Garibaldi
#Garibaldi,#Palermo
#garibaldini,#garibaldini
#garibaldini,#palermitani
#garibaldini,#Borbone
#garibaldini,#Palermo
#garibaldini,#portaTermini
#garibaldini,#viaMaqueda
#garibaldini,#garibaldini
#garibaldini,#portaTermini
#garibaldini,#Palermo
#Garibaldi,#Garibaldi
#Garibaldi,#Borbone
#portaTermini,#portaTermini
#portaTermini,#cristo
#portaTermini,#chiostroMagione
#portaTermini,#PalazzoCitta
#Crispi,#Crispi
#Crispi,#Vincenzo1
#Crispi,#Ignazio2
#Crispi,#PalazzoCitta
#Vincenzo1,#Vincenzo1
#Vincenzo1,#Ignazio2
#Ignazio2,#Ignazio2
#Ignazio2,#Vincenzo1
#Garibaldi,#Garibaldi
#Garibaldi,#garibaldini
#Garibaldi,#fonderia
#Borbone,#Borbone
#Crispi,#Crispi
#Crispi,#BancoRegio
#Vincenzo1,#Vincenzo1
#Crispi,#Crispi
#Crispi,#Vincenzo1
#Ignazio2,#Ignazio2
#Ignazio2,#Crispi
#Vincenzo1,#Vincenzo1
#Vincenzo1,#Savoia
#Vincenzo1,#istitutoCredito
#Vincenzo1,#BancoRegio
#Vincenzo1,#Vincenzo1
#Vincenzo1,#Borbone
#Vincenzo1,#Savoia
#Vincenzo1,#BancoRegio
#Palermo,#Palermo
#Crispi,#Crispi
#Crispi,#Vincenzo1
#Crispi,#casaFlorio
#Crispi,#privativa
#Ignazio2,#Ignazio2
#Ignazio2,#Vincenzo1
#Ignazio2,#fedenuziale
#Crispi,#Crispi
#Crispi,#Vincenzo1
#Crispi,#istitutoCredito
#Crispi,#BancoRegio
#Vincenzo1,#Vincenzo1
#Vincenzo1,#Ignazio2
#Vincenzo1,#casaFlorio
#Crispi,#Crispi
#Crispi,#Sicilia
#Ignazio2,#Ignazio2
#Ignazio2,#Crispi
#Ignazio2,#Borbone
#Ignazio2,#Savoia
#Ignazio2,#Palermo
#Crispi,#Crispi
#Crispi,#Vincenzo1
#cala,#cala
#Palermo,#Palermo
#castellammare,#castellammare
#Palermo,#Palermo
#Palermo,#Palermo
#Vincenzo1,#Vincenzo1
#Vincenzo1,#Ignazio2
#Vincenzo1,#marsala
#Ignazio2,#Ignazio2
#Ignazio2,#Vincenzo1
#Ignazio2,#cantina
#Ignazio2,#Ignazio2
#Ignazio2,#Vincenzo1
#Ignazio2,#duchessaAle
#Vincenzo1,#Vincenzo1
#Vincenzo1,#duchessaAle
#Ignazio2,#Ignazio2
#Ignazio2,#Vincenzo1
#duchessaAle,#duchessaAle
#duchessaAle,#Ben
#Whitaker,#Whitaker
#Whitaker,#moglieWhitaker
#Whitaker,#Willie
#Whitaker,#Bordonaro
#duchessaAle,#duchessaAle
#duchessaAle,#Vincenzo1
#duchessaAle,#duchessaAle
#duchessaAle,#Ben
#Vincenzo1,#Vincenzo1
#Giulia,#Giulia
#Giulia,#villaSLorenzo
#Vincenzo1,#Vincenzo1
#Vincenzo1,#Savoia
#Vincenzo1,#Sicilia
#Ignazio2,#Ignazio2
#Ignazio2,#Giulia
#Ignazio2,#Angelina
#Ignazio2,#Giuseppina
#Ignazio2,#mogliePaolo
#Vincenzo1,#Vincenzo1
#Vincenzo1,#Giulia
#Giulia,#Giulia
#Giulia,#Vincenzo1
#Giulia,#villaSLorenzo
#Vincenzo1,#Vincenzo1
#Vincenzo1,#Ignazio2
#Vincenzo1,#Giulia
#Vincenzo1,#villaArenella
#Vincenzo1,#tonnaraArenella
#Giulia,#Giulia
#Giulia,#Vincenzo1
#Vincenzo1,#Vincenzo1
#Vincenzo1,#Giulia
#Vincenzo1,#Vincenzo1
#Vincenzo1,#Ignazio2
#Vincenzo1,#Borbone
#Vincenzo1,#compagniaNavigazione
#Ignazio2,#Ignazio2
#Ignazio2,#Borbone
#Ignazio2,#Vincenzo1
#Ignazio2,#privativa
#Ignazio2,#Ignazio2
#Ignazio2,#Giulia
#Ignazio2,#Ignazio2
#Garibaldi,#Garibaldi
#Garibaldi,#Savoia
#Garibaldi,#Borbone
#Garibaldi,#Palermo
#Garibaldi,#Sicilia
#Ignazio2,#Ignazio2
#Ignazio2,#Vincenzo1
#Ignazio2,#Giulia
#Vincenzo1,#Vincenzo1
#Vincenzo1,#Vincenzo1
#Vincenzo1,#Giulia
#Vincenzo1,#Ignazio2
#Ignazio2,#Ignazio2
#Ignazio2,#Vincenzo1
#Vincenzo1,#Vincenzo1
#Vincenzo1,#Giulia
#Vincenzo1,#casaFlorio
#Giulia,#Giulia
#Giulia,#Giulia
#Giulia,#Giulia
#Giulia,#Giulia
#Vincenzo1,#Vincenzo1
#Vincenzo1,#Giulia
#Vincenzo1,#Palermo
#Giulia,#Giulia
#Giulia,#Vincenzo1
#Giulia,#Giulia
#Giulia,#GP
#Giulia,#Vincenzo1
#Giulia,#Giulia
#Giulia,#Vincenzo1
#Vincenzo1,#Vincenzo1
#Giulia,#Giulia
#Giulia,#mogliePaolo
#Vincenzo1,#Vincenzo1
#mogliePaolo,#mogliePaolo
#mogliePaolo,#Vincenzo1
#mogliePaolo,#mogliePaolo
#mogliePaolo,#Vincenzo1
#mogliePaolo,#mogliePaolo
#mogliePaolo,#Vincenzo1
#Ignazio2,#Ignazio2
#Ignazio2,#Ignazio2
#Ignazio2,#Crispi
#Ignazio2,#casaFlorio
#Ignazio2,#cantina
#mogliePaolo,#mogliePaolo
#mogliePaolo,#Vincenzo1
#mogliePaolo,#mogliePaolo
#Vincenzo1,#Vincenzo1
#Paolo,#Paolo
#Giulia,#Giulia
#Giulia,#Ignazio2
#Giulia,#mogliePaolo
#Giulia,#Vincenzo1
#mogliePaolo,#mogliePaolo
#mogliePaolo,#Vincenzo1
#mogliePaolo,#mogliePaolo
#Vincenzo1,#Vincenzo1
#Vincenzo1,#Paolo
#mogliePaolo,#mogliePaolo
#Ignazio2,#Ignazio2
#Ignazio2,#casaPalermo53
#Vincenzo1,#Vincenzo1
#Vincenzo1,#Ignazio2
#Vincenzo1,#Vincenzo1
#Vincenzo1,#Ignazio2
#Ignazio2,#Ignazio2
#Ignazio2,#Ignazio2
#Ignazio2,#Giulia
#Ignazio2,#Ignazio2
#Ignazio2,#Giulia
#Giulia,#Giulia
#Ignazio2,#Ignazio2
#Trigona,#Trigona
#Trigona,#Giovanna
#Ignazio2,#Ignazio2
#Ignazio2,#Giovanna
#Giulia,#Giulia
#Giulia,#Giulia
#Giulia,#Ignazio2
#Giulia,#Vincenzo1
#Ignazio2,#Ignazio2
#Ignazio2,#Giulia
#Giulia,#Giulia
#Giulia,#Ignazio2
#Giulia,#Giovanna
#Ignazio2,#Ignazio2
#Ignazio2,#Giulia
#Ignazio2,#Giovanna
#Giulia,#Giulia
#Giulia,#Vincenzo1
#Ignazio2,#Ignazio2
#Ignazio2,#Giulia
#Ignazio2,#Giovanna
#Ignazio2,#Ignazio2
#Ignazio2,#Ignazio2
#Ignazio2,#Marsiglia
#Ignazio2,#Ignazio2
#Ignazio2,#Giulia
#mogliePaolo,#mogliePaolo
#mogliePaolo,#Vincenzo1
#mogliePaolo,#Giulia
#Ignazio2,#Ignazio2
#Ignazio2,#Giulia
#Ignazio2,#Vincenzo1
#Palermo,#Palermo
#Giulia,#Giulia
#Giulia,#Vincenzo1
#Giulia,#casaPalermo53
#Giulia,#Giulia
#Giulia,#Palermo
#Giulia,#Giulia
#Giulia,#Vincenzo1
#Ignazio2,#Ignazio2
#Ignazio2,#Giovanna
#Vincenzo1,#Vincenzo1
#Vincenzo1,#Ignazio2
#Vincenzo1,#casaFlorio
#Giulia,#Giulia
#Giulia,#Giovanna
#Giulia,#Ignazio2
#Giulia,#Vincenzo1
#Giovanna,#Giovanna
#Giovanna,#Giulia
#Giovanna,#Ignazio2
#Giovanna,#Giovanna
#Giovanna,#Ignazio2
#Vincenzo1,#Vincenzo1
#Vincenzo1,#Giulia
#Giulia,#Giulia
#Giulia,#Vincenzo1
#Vincenzo1,#Vincenzo1
#Vincenzo1,#Giulia
#Giulia,#Giulia
#Antonia,#Antonia
#Antonia,#TP
#Antonia,#Vincenzo1
#Giulia,#Giulia
#Giulia,#Vincenzo1
#Giulia,#Ignazio2
#Giulia,#fedenuziale
#Ignazio1,#Ignazio1
#Ignazio1,#Vincenzo1
#Ignazio1,#Ignazio2
#Ignazio1,#fedenuziale
#Ignazio1,#casaFlorio
#Vincenzo1,#Vincenzo1
#Vincenzo1,#Ignazio2
#Vincenzo1,#fedenuziale
#Vincenzo1,#Vincenzo1
#Vincenzo1,#Giulia
#Giulia,#Giulia
#Giulia,#Vincenzo1
#Vincenzo1,#Vincenzo1
#Giulia,#Giulia
#Giulia,#Vincenzo1
#Giulia,#Giulia
#Giulia,#Vincenzo1
#Vincenzo1,#Vincenzo1
#Vincenzo1,#Giulia
#Ignazio2,#Ignazio2
#Ignazio2,#Giovanna
#Ignazio2,#Vincenzo2
#Ignazio2,#Ignazio2
#Vincenzo1,#Vincenzo1
#Vincenzo1,#Vincenzo2
#Vincenzo1,#villaOlivuzza
#Ignazio2,#Ignazio2
#Ignazio2,#villaOlivuzza
#Ignazio2,#Ignazio2
#Ignazio2,#Vincenzo1
#Vincenzo1,#Vincenzo1
#Vincenzo1,#Quattrocchi
#Giulia,#Giulia
#Giulia,#Giulia
#Giulia,#Vincenzo1
#Giulia,#Giulia
#Vincenzo1,#Vincenzo1
#Giulia,#Giulia
#Giulia,#Vincenzo1
#Vincenzo1,#Vincenzo1
#Ignazio2,#Ignazio2
#Ignazio2,#Vincenzo1
#Ignazio2,#Ignazio2
#Ignazio2,#Vincenzo1
#Vincenzo1,#Vincenzo1
#Vincenzo1,#Ignazio1
#Paolo,#Paolo
#Ignazio2,#Ignazio2
#Vincenzo1,#Vincenzo1
#Giulia,#Giulia
#Giulia,#Giovanna
#Giulia,#Vincenzo1
#Giulia,#Giulia
#Giulia,#Vincenzo1
#Giulia,#Giulia
#Giulia,#Vincenzo1
#Giulia,#Giulia
#Vincenzo1,#Vincenzo1
#Vincenzo1,#Giulia
#Vincenzo1,#Vincenzo1
#Vincenzo1,#Ignazio2
#Ignazio3,#Ignazio3
#Ignazio3,#casaFlorio
#Vincenzo1,#Vincenzo1
#Vincenzo1,#Vincenzo1
#Vincenzo1,#villaArenella
#Giulia,#Giulia
#Giulia,#Vincenzo1
#Paolo,#Paolo
#Paolo,#Ignazio2
#Paolo,#Vincenzo1
#Vincenzo1,#Vincenzo1
#Vincenzo1,#Giulia
#Vincenzo1,#Vincenzo1
#Giulia,#Giulia
